MuniCode,RegisteredVoters,SpoiltVotes,VotingDistricts,ValidVotes,VotesCast,Turnout_%,SpoiltRate_%,Year,TopShare_%,Margin_pts,ENP,NumberOfParties,PreviousRegisteredVoters,PreviousTurnout_%,PreviousENP,PreviousMargin_pts,PreviousTopShare_%,PreviousNumberOfParties,TurnoutChange_pts,ENPChange,MarginChange_pts,RegistrationGrowth_%,ProvincialLevel_%,RelativeTurnout_pts,PreviousRelative_pts,PreviousProvincialLevel_%,LogPreviousRegistered,ANC,DA,EFF,UDM,ATM,OTHER,Prev_ANC,Swing_ANC,Prev_DA,Swing_DA,Prev_EFF,Swing_EFF,Prev_UDM,Swing_UDM,Prev_ATM,Swing_ATM,Prev_OTHER,Swing_OTHER,Pop,U15,O65,Med,NoSch,Matric,Higher,Formal,Water,Elec,DemographicStatus,CensusUsed,K_Pop,K_U15,K_O65,K_Med,K_NoSch,K_Matric,K_Higher,K_Formal,K_Water,K_Elec,Municipality,District,IsMetro
BUF,341665,4073,216,194108,198181,58.004478070624735,2.055191970976027,2000,81.26712963916995,68.01522863560493,1.4727333619282574,6,,,,,,,,,,,56.30443396218265,1.7000441084420856,,,,81.26712963916995,13.251901003565026,0.0,1.509984132544769,0.0,3.970985224720252,,,,,,,,,,,,,,,,,,,,,,,Unavailable_pre2011,none,,,,,,,,,,,Buffalo City,Buffalo City (metro),True
EC101,28769,422,28,17328,17750,61.69835586916473,2.3774647887323943,2000,55.459372114496766,22.21260387811634,2.3556190032581275,4,,,,,,,,,,,56.30443396218265,5.393921906982079,,,,55.459372114496766,33.246768236380426,0.0,5.257386888273315,0.0,6.036472760849492,,,,,,,,,,,,,,,,,,,,,,,Unavailable_pre2011,none,,,,,,,,,,,Dr Beyers Naude,Sarah Baartman,False
EC102,15808,148,17,8500,8648,54.70647773279352,1.7113783533765032,2000,70.34117647058824,43.62352941176471,1.7635551240466365,3,,,,,,,,,,,56.30443396218265,-1.5979562293891263,,,,70.34117647058824,26.71764705882353,0.0,2.9411764705882355,0.0,0.0,,,,,,,,,,,,,,,,,,,,,,,Unavailable_pre2011,none,,,,,,,,,,,Blue Crane Route,Sarah Baartman,False
EC104,39034,351,27,22157,22508,57.66255059691551,1.5594455304780523,2000,82.0192264295708,67.77993410660288,1.4415638751544944,4,,,,,,,,,,,56.30443396218265,1.358116634732859,,,,82.0192264295708,14.239292322967913,0.0,1.8865369860540688,0.0,1.8549442614072265,,,,,,,,,,,,,,,,,,,,,,,Unavailable_pre2011,none,,,,,,,,,,,Makana,Sarah Baartman,False
EC105,26668,253,20,16617,16870,63.25933703314834,1.4997036158861885,2000,75.56117229343444,54.61876391647109,1.6249009750835035,4,,,,,,,,,,,56.30443396218265,6.954903070965692,,,,75.56117229343444,20.94240837696335,0.0,1.6188240958055005,0.0,1.8775952337967112,,,,,,,,,,,,,,,,,,,,,,,Unavailable_pre2011,none,,,,,,,,,,,Ndlambe,Sarah Baartman,False
EC106,20273,217,24,12014,12231,60.331475361318006,1.7741803613768294,2000,83.81055435325453,67.62110870650906,1.37243733551641,2,,,,,,,,,,,56.30443396218265,4.027041399135356,,,,83.81055435325453,16.189445646745465,0.0,0.0,0.0,0.0,,,,,,,,,,,,,,,,,,,,,,,Unavailable_pre2011,none,,,,,,,,,,,Sundays River Valley,Sarah Baartman,False
EC108,31773,426,26,19053,19479,61.30676989897083,2.186970583705529,2000,49.37805070067706,3.269826274077573,2.1860821832127733,4,,,,,,,,,,,56.30443396218265,5.002335936788178,,,,49.37805070067706,46.108224426599485,0.0,0.0,0.0,4.513724872723458,,,,,,,,,,,,,,,,,,,,,,,Unavailable_pre2011,none,,,,,,,,,,,Kouga,Sarah Baartman,False
EC109,12676,168,18,7176,7344,57.93625749447775,2.287581699346405,2000,64.4927536231884,31.70289855072464,1.907714654211693,3,,,,,,,,,,,56.30443396218265,1.6318235322951011,,,,64.4927536231884,32.789855072463766,0.0,0.0,0.0,2.717391304347828,,,,,,,,,,,,,,,,,,,,,,,Unavailable_pre2011,none,,,,,,,,,,,Kou-Kamma,Sarah Baartman,False
EC121,80639,1690,169,46333,48023,59.553069854536886,3.519147075359724,2000,59.8989920790797,19.79798415815941,1.9245647269502544,2,,,,,,,,,,,56.30443396218265,3.248635892354237,,,,59.8989920790797,0.0,0.0,40.101007920920296,0.0,0.0,,,,,,,,,,,,,,,,,,,,,,,Unavailable_pre2011,none,,,,,,,,,,,Mbhashe,Amathole,False
EC122,108102,2528,195,56188,58716,54.31536881833824,4.305470399891001,2000,65.8930732540756,39.732683135189006,1.9768941610018205,4,,,,,,,,,,,56.30443396218265,-1.9890651438444067,,,,65.8930732540756,3.4242186943831423,0.0,26.1603901188866,0.0,4.5223179326546585,,,,,,,,,,,,,,,,,,,,,,,Unavailable_pre2011,none,,,,,,,,,,,Mnquma,Amathole,False
EC123,18173,593,27,11552,12145,66.82991250756616,4.882667764512145,2000,91.41274238227147,84.93767313019391,1.1900968709913544,3,,,,,,,,,,,56.30443396218265,10.525478545383514,,,,91.41274238227147,6.475069252077562,0.0,0.0,0.0,2.112188365650965,,,,,,,,,,,,,,,,,,,,,,,Unavailable_pre2011,none,,,,,,,,,,,Great Kei,Amathole,False
EC124,61657,1261,75,35980,37241,60.4002789626482,3.3860530060954326,2000,88.9077265147304,82.06503613118399,1.2547893423497516,3,,,,,,,,,,,56.30443396218265,4.095845000465552,,,,88.9077265147304,6.842690383546414,0.0,4.24958310172318,0.0,1.4210854715202004e-14,,,,,,,,,,,,,,,,,,,,,,,Unavailable_pre2011,none,,,,,,,,,,,Amahlathi,Amathole,False
EC126,41820,561,53,22765,23326,55.77714012434242,2.405041584497985,2000,95.87524708983088,91.75049417966176,1.0858852026117127,2,,,,,,,,,,,56.30443396218265,-0.527293837840233,,,,95.87524708983088,0.0,0.0,4.12475291016912,0.0,0.0,,,,,,,,,,,,,,,,,,,,,,,Unavailable_pre2011,none,,,,,,,,,,,Ngqushwa,Amathole,False
EC129,78387,1122,86,46282,47404,60.47431334277368,2.366888870137541,2000,91.65982455382222,85.07411088544143,1.1837158766671612,3,,,,,,,,,,,56.30443396218265,4.169879380591027,,,,91.65982455382222,6.585713668380796,0.0,1.7544617777969838,0.0,0.0,,,,,,,,,,,,,,,,,,,,,,,Unavailable_pre2011,none,,,,,,,,,,,Raymond Mhlaba,Amathole,False
EC131,25916,327,22,15373,15700,60.580336471677725,2.082802547770701,2000,67.73564040850843,37.3121706888701,1.812548625709492,3,,,,,,,,,,,56.30443396218265,4.275902509495076,,,,67.73564040850843,30.423469719638327,0.0,0.0,0.0,1.8408898718532496,,,,,,,,,,,,,,,,,,,,,,,Unavailable_pre2011,none,,,,,,,,,,,Inxuba Yethemba,Chris Hani,False
EC135,71334,1303,138,40146,41449,58.10553172400258,3.1436222828053757,2000,79.13864394958402,63.966522193991935,1.5355829337214726,4,,,,,,,,,,,56.30443396218265,1.801097761819932,,,,79.13864394958402,1.6439994021820357,0.0,15.172121755592087,0.0,4.045234892641858,,,,,,,,,,,,,,,,,,,,,,,Unavailable_pre2011,none,,,,,,,,,,,Intsika Yethu,Chris Hani,False
EC136,48487,516,85,26440,26956,55.594283003691714,1.9142305980115744,2000,86.00605143721634,79.68986384266263,1.3383436050888242,4,,,,,,,,,,,56.30443396218265,-0.7101509584909351,,,,86.00605143721634,2.178517397881997,0.0,6.316187594553707,0.0,5.499243570347957,,,,,,,,,,,,,,,,,,,,,,,Unavailable_pre2011,none,,,,,,,,,,,Emalahleni,Chris Hani,False
EC137,47665,743,71,23177,23920,50.18357285219763,3.1061872909698995,2000,64.99115502437762,38.29658713379644,1.997771529923467,3,,,,,,,,,,,56.30443396218265,-6.120861109985022,,,,64.99115502437762,0.0,0.0,26.69456789058118,0.0,8.314277085041198,,,,,,,,,,,,,,,,,,,,,,,Unavailable_pre2011,none,,,,,,,,,,,Engcobo,Chris Hani,False
EC138,19187,274,30,10972,11246,58.61260228279564,2.436421838876045,2000,75.06379876048122,62.094422165512206,1.698765645612396,4,,,,,,,,,,,56.30443396218265,2.3081683206129924,,,,75.06379876048122,3.5089318264673715,0.0,8.457892818082392,0.0,12.96937659496902,,,,,,,,,,,,,,,,,,,,,,,Unavailable_pre2011,none,,,,,,,,,,,Sakhisizwe,Chris Hani,False
EC139,104808,1687,101,55071,56758,54.15426303335623,2.9722682265055145,2000,85.26084509088268,77.79048864193496,1.3601542093467929,4,,,,,,,,,,,56.30443396218265,-2.1501709288264195,,,,85.26084509088268,7.470356448947722,0.0,4.120135824662708,0.0,3.1486626355068807,,,,,,,,,,,,,,,,,,,,,,,Unavailable_pre2011,none,,,,,,,,,,,Enoch Mgijima,Chris Hani,False
EC141,48928,1416,98,24898,26314,53.78106605624591,5.381165919282512,2000,85.07912282111013,70.15824564222027,1.340286791998682,2,,,,,,,,,,,56.30443396218265,-2.5233679059367375,,,,85.07912282111013,0.0,0.0,14.92087717888987,0.0,0.0,,,,,,,,,,,,,,,,,,,,,,,Unavailable_pre2011,none,,,,,,,,,,,Elundini,Joe Gqabi,False
EC142,53501,1012,80,26860,27872,52.09622250051401,3.6308840413318015,2000,87.67684288905436,80.05584512285927,1.2874289903894032,3,,,,,,,,,,,56.30443396218265,-4.20821146166864,,,,87.67684288905436,7.620997766195086,0.0,0.0,0.0,4.702159344750555,,,,,,,,,,,,,,,,,,,,,,,Unavailable_pre2011,none,,,,,,,,,,,Senqu,Joe Gqabi,False
EC145,29903,361,23,16854,17215,57.56947463465204,2.097008422887017,2000,76.29049483802065,56.4495075353032,1.607130439958237,4,,,,,,,,,,,56.30443396218265,1.2650406724693894,,,,76.29049483802065,19.84098730271745,0.0,0.0,0.0,3.8685178592619,,,,,,,,,,,,,,,,,,,,,,,Unavailable_pre2011,none,,,,,,,,,,,Walter Sisulu,Joe Gqabi,False
EC153,87881,1225,141,42338,43563,49.57044184749832,2.812019374239607,2000,80.44310076054609,62.73324200481837,1.4731569192934355,3,,,,,,,,,,,56.30443396218265,-6.733992114684327,,,,80.44310076054609,0.0,0.0,17.709858755727716,0.0,1.847040483726204,,,,,,,,,,,,,,,,,,,,,,,Unavailable_pre2011,none,,,,,,,,,,,Ngquza Hill,O.R. Tambo,False
EC154,45316,658,93,25437,26095,57.584517609674286,2.5215558536118032,2000,74.27369579746039,48.54739159492078,1.618535568950584,2,,,,,,,,,,,56.30443396218265,1.2800836474916366,,,,74.27369579746039,0.0,0.0,25.72630420253961,0.0,0.0,,,,,,,,,,,,,,,,,,,,,,,Unavailable_pre2011,none,,,,,,,,,,,Port St Johns,O.R. Tambo,False
EC155,80681,1217,165,44461,45678,56.61556004511595,2.664302289942642,2000,69.4091450934527,40.93925012932683,1.7753592451885558,3,,,,,,,,,,,56.30443396218265,0.31112608293329913,,,,69.4091450934527,0.0,0.0,28.469894964125864,0.0,2.1209599424214503,,,,,,,,,,,,,,,,,,,,,,,Unavailable_pre2011,none,,,,,,,,,,,Nyandeni,O.R. Tambo,False
EC156,66112,853,139,33792,34645,52.403497095837366,2.462115745417809,2000,64.19862689393939,28.397253787878785,1.8507544191389167,2,,,,,,,,,,,56.30443396218265,-3.9009368663452832,,,,64.19862689393939,0.0,0.0,35.80137310606061,0.0,0.0,,,,,,,,,,,,,,,,,,,,,,,Unavailable_pre2011,none,,,,,,,,,,,Mhlontlo,O.R. Tambo,False
EC157,147728,2381,216,64970,67351,45.59122170475469,3.5352110584846552,2000,50.40941973218408,6.584577497306448,2.235526414059527,5,,,,,,,,,,,56.30443396218265,-10.713212257427962,,,,43.82484223487764,1.488379251962444,0.0,50.40941973218408,0.0,4.277358780975845,,,,,,,,,,,,,,,,,,,,,,,Unavailable_pre2011,none,,,,,,,,,,,King Sabata Dalindyebo,O.R. Tambo,False
EC442,128196,2013,181,61690,63703,49.69187806171799,3.159976767185219,2000,83.62619549359702,72.09434268114768,1.398646644677969,3,,,,,,,,,,,56.30443396218265,-6.612555900464656,,,,83.62619549359702,0.0,0.0,11.531852812449344,0.0,4.841951693953632,,,,,,,,,,,,,,,,,,,,,,,Unavailable_pre2011,none,,,,,,,,,,,Umzimvubu,Alfred Nzo,False
EC443,74410,890,137,31145,32035,43.05200913855665,2.778211331356329,2000,85.84363461229732,71.68726922459464,1.321085586827658,2,,,,,,,,,,,56.30443396218265,-13.252424823626,,,,85.84363461229732,0.0,0.0,14.156365387702682,0.0,0.0,,,,,,,,,,,,,,,,,,,,,,,Unavailable_pre2011,none,,,,,,,,,,,Winnie Madikizela-Mandela,Alfred Nzo,False
EC444,39477,439,70,20329,20768,52.60784760746764,2.113828967642527,2000,82.08470657681146,64.16941315362291,1.416659991033255,2,,,,,,,,,,,56.30443396218265,-3.6965863547150093,,,,82.08470657681146,0.0,0.0,17.915293423188547,0.0,0.0,,,,,,,,,,,,,,,,,,,,,,,Unavailable_pre2011,none,,,,,,,,,,,Ntabankulu,Alfred Nzo,False
NMA,469424,3337,221,286259,289596,61.69177545246941,1.152294921200569,2000,65.93225016506031,37.29384927635463,1.931989470969546,7,,,,,,,,,,,56.30443396218265,5.387341490286758,,,,65.93225016506031,28.63840088870568,0.0,2.3978285398887023,0.0,3.031520406345294,,,,,,,,,,,,,,,,,,,,,,,Unavailable_pre2011,none,,,,,,,,,,,Nelson Mandela Bay,Nelson Mandela Bay (metro),True
BUF,358460,2761,298,184573,187334,52.26078223511689,1.4738381713944078,2006,81.33421464677933,69.40180849853446,1.4770633685670602,9,341665.0,58.004478070624735,1.4727333619282574,68.01522863560493,81.26712963916995,6.0,-5.743695835507843,0.0043300066388027,1.386579862929537,4.915633734798708,57.186928044956495,-4.926145809839603,1.7000441084420856,56.30443396218265,12.741586003825857,81.33421464677933,11.932406148244867,0.0,1.383192557958098,0.0,5.350186647017708,81.26712963916995,0.06708500760937852,13.251901003565026,-1.3194948553201584,0.0,0.0,1.509984132544769,-0.126791574586671,0.0,0.0,3.970985224720252,1.3792014222974558,,,,,,,,,,,Unavailable_pre2011,none,,,,,,,,,,,Buffalo City,Buffalo City (metro),True
EC101,34211,341,33,18020,18361,53.66987226330712,1.8571973204073853,2006,62.28079911209767,33.51831298557158,2.112624668253536,5,28769.0,61.69835586916473,2.3556190032581275,22.21260387811634,55.459372114496766,4.0,-8.028483605857609,-0.2429943350045915,11.305709107455243,18.916194514929277,57.186928044956495,-3.5170557816493755,5.393921906982079,56.30443396218265,10.267053697512587,62.28079911209767,28.76248612652608,0.0,0.0,0.0,8.956714761376247,55.459372114496766,6.821426997600902,33.246768236380426,-4.484282109854345,0.0,0.0,5.257386888273315,-5.257386888273315,0.0,0.0,6.036472760849492,2.9202420005267555,,,,,,,,,,,Unavailable_pre2011,none,,,,,,,,,,,Dr Beyers Naude,Sarah Baartman,False
EC102,17453,179,27,9128,9307,53.32607574629004,1.923283550016117,2006,74.44127957931639,52.410166520595965,1.6573242833607278,4,15808.0,54.70647773279352,1.7635551240466365,43.62352941176471,70.34117647058824,3.0,-1.380401986503486,-0.1062308406859087,8.786637108831258,10.406123481781382,57.186928044956495,-3.860852298666458,-1.5979562293891263,56.30443396218265,9.668271419987649,74.44127957931639,22.031113058720425,0.0,1.161262050832603,0.0,2.366345311130587,70.34117647058824,4.100103108728149,26.71764705882353,-4.686534000103105,0.0,0.0,2.9411764705882355,-1.7799144197556325,0.0,0.0,0.0,2.366345311130587,,,,,,,,,,,Unavailable_pre2011,none,,,,,,,,,,,Blue Crane Route,Sarah Baartman,False
EC104,43059,343,31,22219,22562,52.39787268631413,1.5202552965162663,2006,80.90823169359557,66.94270669247041,1.4822043665586049,7,39034.0,57.66255059691551,1.4415638751544944,67.77993410660288,82.0192264295708,4.0,-5.264677910601378,0.0406404914041103,-0.8372274141324709,10.31152328739049,57.186928044956495,-4.789055358642365,1.358116634732859,56.30443396218265,10.572188340191147,80.90823169359557,13.965525001125163,0.0,1.1071605382780505,0.0,4.019082767001223,82.0192264295708,-1.1109947359752255,14.239292322967913,-0.2737673218427492,0.0,0.0,1.8865369860540688,-0.7793764477760183,0.0,0.0,1.8549442614072265,2.1641385055939963,,,,,,,,,,,Unavailable_pre2011,none,,,,,,,,,,,Makana,Sarah Baartman,False
EC105,29895,213,28,18549,18762,62.75965880582037,1.1352734250079948,2006,77.58369723435226,57.7497439215052,1.5578060603373105,3,26668.0,63.25933703314834,1.6249009750835035,54.61876391647109,75.56117229343444,4.0,-0.4996782273279692,-0.067094914746193,3.130980005034111,12.100644967751606,57.186928044956495,5.572730760863877,6.954903070965692,56.30443396218265,10.19121962373795,77.58369723435226,19.83395331284705,0.0,0.0,0.0,2.5823494528006847,75.56117229343444,2.022524940917819,20.94240837696335,-1.1084550641162991,0.0,0.0,1.6188240958055005,-1.6188240958055005,0.0,0.0,1.8775952337967112,0.7047542190039735,,,,,,,,,,,Unavailable_pre2011,none,,,,,,,,,,,Ndlambe,Sarah Baartman,False
EC106,23575,258,30,13900,14158,60.05514316012725,1.8222912840796723,2006,86.99280575539568,77.10791366906474,1.303575337215529,4,20273.0,60.331475361318006,1.37243733551641,67.62110870650906,83.81055435325453,2.0,-0.2763322011907547,-0.0688619983008811,9.48680496255568,16.28767326000098,57.186928044956495,2.868215115170756,4.027041399135356,56.30443396218265,9.917045230468194,86.99280575539568,9.884892086330936,0.0,0.8992805755395683,0.0,2.2230215827338213,83.81055435325453,3.182251402141148,16.189445646745465,-6.304553560414529,0.0,0.0,0.0,0.8992805755395683,0.0,0.0,0.0,2.2230215827338213,,,,,,,,,,,Unavailable_pre2011,none,,,,,,,,,,,Sundays River Valley,Sarah Baartman,False
EC108,39395,473,31,22440,22913,58.16220332529509,2.064330292846856,2006,52.2192513368984,20.935828877005346,2.6451581832682334,7,31773.0,61.30676989897083,2.1860821832127733,3.269826274077573,49.37805070067706,4.0,-3.144566573675739,0.4590760000554601,17.666002602927772,23.988921411261146,57.186928044956495,0.9752752803385931,5.002335936788178,56.30443396218265,10.36637215151178,52.2192513368984,31.28342245989305,0.0,0.0,0.0,16.49732620320856,49.37805070067706,2.8412006362213447,46.108224426599485,-14.824801966706435,0.0,0.0,0.0,0.0,0.0,0.0,4.513724872723458,11.9836013304851,,,,,,,,,,,Unavailable_pre2011,none,,,,,,,,,,,Kouga,Sarah Baartman,False
EC109,16334,197,19,8370,8567,52.44887963756582,2.2995214194000235,2006,67.09677419354838,47.32377538829152,1.9911439909782351,4,12676.0,57.93625749447775,1.907714654211693,31.70289855072464,64.4927536231884,3.0,-5.487377856911934,0.0834293367665421,15.620876837566875,28.85768381192806,57.186928044956495,-4.738048407390679,1.6318235322951011,56.30443396218265,9.447465720810811,67.09677419354838,19.77299880525687,0.0,0.0,0.0,13.130227001194754,64.4927536231884,2.604020570359978,32.789855072463766,-13.016856267206897,0.0,0.0,0.0,0.0,0.0,0.0,2.717391304347828,10.412835696846926,,,,,,,,,,,Unavailable_pre2011,none,,,,,,,,,,,Kou-Kamma,Sarah Baartman,False
EC121,100465,1318,259,62688,64006,63.70974966406211,2.059181951692029,2006,83.53592394078612,69.1854900459418,1.391602672989958,5,80639.0,59.553069854536886,1.9245647269502544,19.79798415815941,59.8989920790797,2.0,4.156679809525222,-0.5329620539602966,49.3875058877824,24.5861183794442,57.186928044956495,6.522821619105613,3.248635892354237,56.30443396218265,11.297737682434654,83.53592394078612,0.5136549259826442,0.0,14.350433894844308,0.0,1.599987238386916,59.8989920790797,23.636931861706422,0.0,0.5136549259826442,0.0,0.0,40.101007920920296,-25.750574026075988,0.0,0.0,0.0,1.599987238386916,,,,,,,,,,,Unavailable_pre2011,none,,,,,,,,,,,Mbhashe,Amathole,False
EC122,120953,1700,283,68068,69768,57.68190950203798,2.4366471734892787,2006,79.6747370276782,65.87530116941882,1.5242908265989918,4,108102.0,54.31536881833824,1.9768941610018205,39.732683135189006,65.8930732540756,4.0,3.3665406836997462,-0.4526033344028286,26.14261803422981,11.887846663336488,57.186928044956495,0.49498145708148655,-1.9890651438444067,56.30443396218265,11.590830504843755,79.6747370276782,3.831462654992067,0.0,13.799435858259388,0.0,2.694364459070343,65.8930732540756,13.781663773602602,3.4242186943831423,0.40724396060892465,0.0,0.0,26.1603901188866,-12.360954260627212,0.0,0.0,4.5223179326546585,-1.8279534735843157,,,,,,,,,,,Unavailable_pre2011,none,,,,,,,,,,,Mnquma,Amathole,False
EC123,21025,177,49,13115,13292,63.21997621878716,1.331628046945531,2006,86.03126191383912,80.60998856271445,1.340240509909564,5,18173.0,66.82991250756616,1.1900968709913544,84.93767313019391,91.41274238227147,3.0,-3.609936288779004,0.1501436389182096,-4.327684567479466,15.69361140152974,57.186928044956495,6.0330481738306645,10.525478545383514,56.30443396218265,9.807692255081262,86.03126191383912,5.4212733511246665,0.0,3.072817384674037,0.0,5.474647350362176,91.41274238227147,-5.381480468432358,6.475069252077562,-1.0537959009528954,0.0,0.0,0.0,3.072817384674037,0.0,0.0,2.112188365650965,3.362458984711211,,,,,,,,,,,Unavailable_pre2011,none,,,,,,,,,,,Great Kei,Amathole,False
EC124,66240,741,111,38315,39056,58.96135265700483,1.8972757066775912,2006,90.13963199791203,85.78102570794728,1.2258066539781864,5,61657.0,60.4002789626482,1.2547893423497516,82.06503613118399,88.9077265147304,3.0,-1.4389263056433703,-0.0289826883715651,3.715989576763292,7.433057073811566,57.186928044956495,1.7744246120483353,4.095845000465552,56.30443396218265,11.02934204634797,90.13963199791203,4.358606289964766,0.0,3.2937491843925355,0.0,2.208012527730645,88.9077265147304,1.2319054831816345,6.842690383546414,-2.4840840935816484,0.0,0.0,4.24958310172318,-0.9558339173306449,0.0,0.0,1.4210854715202004e-14,2.208012527730631,,,,,,,,,,,Unavailable_pre2011,none,,,,,,,,,,,Amahlathi,Amathole,False
EC126,43660,1164,85,24240,25404,58.18598259276225,4.581955597543694,2006,96.50577557755776,93.01155115511553,1.0723200150916,2,41820.0,55.77714012434242,1.0858852026117127,91.75049417966176,95.87524708983088,2.0,2.4088424684198344,-0.0135651875201125,1.261056975453755,4.399808703969388,57.186928044956495,0.9990545478057555,-0.527293837840233,56.30443396218265,10.641129972982625,96.50577557755776,3.4942244224422443,0.0,0.0,0.0,0.0,95.87524708983088,0.6305284877268775,0.0,3.4942244224422443,0.0,0.0,4.12475291016912,-4.12475291016912,0.0,0.0,0.0,0.0,,,,,,,,,,,Unavailable_pre2011,none,,,,,,,,,,,Ngqushwa,Amathole,False
EC129,81990,3568,132,43633,47201,57.56921575801927,7.559161882163513,2006,85.88453693305526,80.98457589439187,1.3462565659053845,6,78387.0,60.47431334277368,1.1837158766671612,85.07411088544143,91.65982455382222,3.0,-2.905097584754408,0.1625406892382233,-4.089534991049561,4.596425427685724,57.186928044956495,0.3822877130627731,4.169879380591027,56.30443396218265,11.269413376262921,85.88453693305526,4.494304769325969,0.0,1.2078014346939243,0.0,8.413356862924857,91.65982455382222,-5.77528762076696,6.585713668380796,-2.0914088990548274,0.0,0.0,1.7544617777969838,-0.5466603431030594,0.0,0.0,0.0,8.413356862924857,,,,,,,,,,,Unavailable_pre2011,none,,,,,,,,,,,Raymond Mhlaba,Amathole,False
EC131,29318,374,33,15501,15875,54.14762262091548,2.355905511811024,2006,69.93097219534224,42.8423972646926,1.7765513937696678,4,25916.0,60.580336471677725,1.812548625709492,37.3121706888701,67.73564040850843,3.0,-6.432713850762248,-0.035997231939824,5.530226575822496,13.127025775582643,57.186928044956495,-3.039305424041018,4.275902509495076,56.30443396218265,10.162615817569847,69.93097219534224,27.088574930649635,0.0,1.0967034384878396,0.0,1.8837494355203008,67.73564040850843,2.1953317868338047,30.423469719638327,-3.3348947889886915,0.0,0.0,0.0,1.0967034384878396,0.0,0.0,1.8408898718532496,0.04285956366705124,,,,,,,,,,,Unavailable_pre2011,none,,,,,,,,,,,Inxuba Yethemba,Chris Hani,False
EC135,78899,1226,176,46962,48188,61.07555228836868,2.544201875985723,2006,89.33818832247348,82.3389123120821,1.2432065096945808,3,71334.0,58.10553172400258,1.5355829337214726,63.966522193991935,79.13864394958402,4.0,2.970020564366095,-0.2923764240268918,18.372390118090166,10.605041074382491,57.186928044956495,3.888624243412181,1.801097761819932,56.30443396218265,11.175128351086599,89.33818832247348,0.0,0.0,6.99927601039138,0.0,3.6625356671351312,79.13864394958402,10.199544372889463,1.6439994021820357,-1.6439994021820357,0.0,0.0,15.172121755592087,-8.172845745200707,0.0,0.0,4.045234892641858,-0.38269922550672675,,,,,,,,,,,Unavailable_pre2011,none,,,,,,,,,,,Intsika Yethu,Chris Hani,False
EC136,57910,1101,159,32599,33700,58.19374892073908,3.2670623145400595,2006,91.3801036841621,86.64069449983128,1.1931423699571664,4,48487.0,55.594283003691714,1.3383436050888242,79.68986384266263,86.00605143721634,4.0,2.599465917047361,-0.1452012351316578,6.950830657168652,19.434075112916855,57.186928044956495,1.0068208757825872,-0.7101509584909351,56.30443396218265,10.789050999758988,91.3801036841621,1.263842449154882,0.0,4.739409184330808,0.0,2.6166446823522165,86.00605143721634,5.374052246945752,2.178517397881997,-0.9146749487271149,0.0,0.0,6.316187594553707,-1.5767784102228992,0.0,0.0,5.499243570347957,-2.8825988879957407,,,,,,,,,,,Unavailable_pre2011,none,,,,,,,,,,,Emalahleni,Chris Hani,False
EC137,59915,1067,122,33522,34589,57.73011766669448,3.0847957443117755,2006,83.7688682059543,74.12147246584334,1.4006900309138028,4,47665.0,50.18357285219763,1.997771529923467,38.29658713379644,64.99115502437762,3.0,7.546544814496855,-0.5970814990096642,35.824885332046904,25.700199307668093,57.186928044956495,0.5431896217379872,-6.120861109985022,56.30443396218265,10.771952654927679,83.7688682059543,0.0,0.0,9.647395740110971,0.0,6.583736053934729,64.99115502437762,18.777713181576686,0.0,0.0,0.0,0.0,26.69456789058118,-17.04717215047021,0.0,0.0,8.314277085041198,-1.730541031106469,,,,,,,,,,,Unavailable_pre2011,none,,,,,,,,,,,Engcobo,Chris Hani,False
EC138,26015,343,55,14191,14534,55.86776859504132,2.359983486996009,2006,83.4190684236488,74.49792121767318,1.412660305721424,4,19187.0,58.61260228279564,1.698765645612396,62.094422165512206,75.06379876048122,4.0,-2.7448336877543227,-0.2861053398909721,12.403499052160974,35.58659509042581,57.186928044956495,-1.3191594499151762,2.3081683206129924,56.30443396218265,9.861988245358098,83.4190684236488,1.4657177084067368,0.0,6.194066661968853,0.0,8.921147205975615,75.06379876048122,8.355269663167576,3.5089318264673715,-2.043214118060635,0.0,0.0,8.457892818082392,-2.263826156113539,0.0,0.0,12.96937659496902,-4.048229388993406,,,,,,,,,,,Unavailable_pre2011,none,,,,,,,,,,,Sakhisizwe,Chris Hani,False
EC139,113322,1093,162,57530,58623,51.73134960554879,1.8644559302662775,2006,89.12393533808448,83.88319137841127,1.2523909471296348,5,104808.0,54.15426303335623,1.3601542093467929,77.79048864193496,85.26084509088268,4.0,-2.422913427807437,-0.1077632622171578,6.092702736476312,8.123425692695218,57.186928044956495,-5.455578439407702,-2.1501709288264195,56.30443396218265,11.559885383833507,89.12393533808448,5.240743959673214,0.0,2.5291152442204066,0.0,3.106205458021904,85.26084509088268,3.8630902472017965,7.470356448947722,-2.2296124892745084,0.0,0.0,4.120135824662708,-1.5910205804423017,0.0,0.0,3.1486626355068807,-0.04245717748497668,,,,,,,,,,,Unavailable_pre2011,none,,,,,,,,,,,Enoch Mgijima,Chris Hani,False
EC141,55908,1111,150,30757,31868,57.00078700722616,3.486255805196435,2006,88.16204441265403,79.91676691484865,1.2743737390789158,4,48928.0,53.78106605624591,1.340286791998682,70.15824564222027,85.07912282111013,2.0,3.2197209509802462,-0.0659130529197662,9.758521272628386,14.265860039241328,57.186928044956495,-0.1861410377303372,-2.5233679059367375,56.30443396218265,10.79810510872879,88.16204441265403,1.736190135578893,0.0,8.245277497805377,0.0,1.856487953961704,85.07912282111013,3.0829215915438937,0.0,1.736190135578893,0.0,0.0,14.92087717888987,-6.675599681084494,0.0,0.0,0.0,1.856487953961704,,,,,,,,,,,Unavailable_pre2011,none,,,,,,,,,,,Elundini,Joe Gqabi,False
EC142,61368,735,94,37037,37772,61.54999348194499,1.9458858413639728,2006,92.65059265059266,89.92088992088992,1.1624563938083947,4,53501.0,52.09622250051401,1.2874289903894032,80.05584512285927,87.67684288905436,3.0,9.453770981430978,-0.1249725965810084,9.865044798030652,14.704398048634616,57.186928044956495,4.363065436988492,-4.20821146166864,56.30443396218265,10.887455624298198,92.65059265059266,2.72970272970273,0.0,2.6406026406026406,0.0,1.9791019791019693,87.67684288905436,4.973749761538301,7.620997766195086,-4.891295036492356,0.0,0.0,0.0,2.6406026406026406,0.0,0.0,4.702159344750555,-2.723057365648586,,,,,,,,,,,Unavailable_pre2011,none,,,,,,,,,,,Senqu,Joe Gqabi,False
EC145,33743,743,38,18217,18960,56.18943188216815,3.918776371308017,2006,78.68474501838942,60.11417906351211,1.5290675380425014,4,29903.0,57.56947463465204,1.607130439958237,56.4495075353032,76.29049483802065,4.0,-1.380042752483888,-0.0780629019157352,3.664671528208913,12.841520917633687,57.186928044956495,-0.9974961627883445,1.2650406724693894,56.30443396218265,10.305714088793774,78.68474501838942,18.570565954877317,0.0,0.0,0.0,2.744689026733269,76.29049483802065,2.394250180368772,19.84098730271745,-1.2704213478401343,0.0,0.0,0.0,0.0,0.0,0.0,3.8685178592619,-1.123828832528631,,,,,,,,,,,Unavailable_pre2011,none,,,,,,,,,,,Walter Sisulu,Joe Gqabi,False
EC153,110610,2948,198,58704,61652,55.7381791881385,4.781677804450788,2006,92.79776505859908,89.38062142273098,1.1590045601266448,5,87881.0,49.57044184749832,1.4731569192934355,62.73324200481837,80.44310076054609,3.0,6.16773734064018,-0.3141523591667909,26.64737941791261,25.86338343896861,57.186928044956495,-1.4487488568179927,-6.733992114684327,56.30443396218265,11.383738905587196,92.79776505859908,0.0,0.0,3.417143635868084,0.0,3.785091305532845,80.44310076054609,12.354664298052995,0.0,0.0,0.0,0.0,17.709858755727716,-14.292715119859633,0.0,0.0,1.847040483726204,1.9380508218066408,,,,,,,,,,,Unavailable_pre2011,none,,,,,,,,,,,Ngquza Hill,O.R. Tambo,False
EC154,62420,2484,108,35505,37989,60.86030118551746,6.538734896943852,2006,90.3534713420645,82.77707365159836,1.216049350138091,4,45316.0,57.584517609674286,1.618535568950584,48.54739159492078,74.27369579746039,2.0,3.275783575843178,-0.4024862188124931,34.229682056677575,37.74384323417777,57.186928044956495,3.6733731405609618,1.2800836474916366,56.30443396218265,10.72141544999338,90.3534713420645,0.0,0.0,7.576397690466131,0.0,2.0701309674693675,74.27369579746039,16.079775544604104,0.0,0.0,0.0,0.0,25.72630420253961,-18.14990651207348,0.0,0.0,0.0,2.0701309674693675,,,,,,,,,,,Unavailable_pre2011,none,,,,,,,,,,,Port St Johns,O.R. Tambo,False
EC155,108512,982,203,63630,64612,59.54364494249484,1.5198415155079552,2006,90.05814867201006,81.5983026874116,1.2220284363522655,5,80681.0,56.61556004511595,1.7753592451885558,40.93925012932683,69.4091450934527,3.0,2.928084897378888,-0.5533308088362903,40.65905255808477,34.49511037295026,57.186928044956495,2.356716897538348,0.31112608293329913,56.30443396218265,11.298258386636848,90.05814867201006,0.0,0.0,8.45984598459846,0.0,1.482005343391478,69.4091450934527,20.64900357855737,0.0,0.0,0.0,0.0,28.469894964125864,-20.010048979527404,0.0,0.0,2.1209599424214503,-0.6389545990299723,,,,,,,,,,,Unavailable_pre2011,none,,,,,,,,,,,Nyandeni,O.R. Tambo,False
EC156,84347,991,182,48498,49489,58.67310040665347,2.0024651942855987,2006,86.86956163140748,76.92275970143098,1.3069626998870865,4,66112.0,52.403497095837366,1.8507544191389167,28.397253787878785,64.19862689393939,2.0,6.269603310816102,-0.5437917192518302,48.5255059135522,27.58198209099709,57.186928044956495,1.4861723616969726,-3.9009368663452832,56.30443396218265,11.09910555247931,86.86956163140748,0.0,0.0,9.946801929976496,0.0,3.18363643861602,64.19862689393939,22.670934737468087,0.0,0.0,0.0,0.0,35.80137310606061,-25.854571176084114,0.0,0.0,0.0,3.18363643861602,,,,,,,,,,,Unavailable_pre2011,none,,,,,,,,,,,Mhlontlo,O.R. Tambo,False
EC157,178964,1801,334,87080,88881,49.66417827049016,2.026304834554067,2006,72.49885163068443,48.3004134129536,1.7107028813184233,6,147728.0,45.59122170475469,2.235526414059527,6.584577497306448,50.40941973218408,5.0,4.072956565735467,-0.5248235327411035,41.71583591564716,21.144265135925487,57.186928044956495,-7.522749774466334,-10.713212257427962,56.30443396218265,11.903128024012409,72.49885163068443,0.6603123564538356,0.0,24.19843821773082,0.0,2.6423977951309183,43.82484223487764,28.674009395806785,1.488379251962444,-0.8280668955086083,0.0,0.0,50.40941973218408,-26.210981514453255,0.0,0.0,4.277358780975845,-1.634960985844927,,,,,,,,,,,Unavailable_pre2011,none,,,,,,,,,,,King Sabata Dalindyebo,O.R. Tambo,False
EC441,85325,1587,161,47918,49505,58.01933782595957,3.205736794263206,2006,72.83692975499812,51.24796527400977,1.7285438262538857,5,,,,,,,,,,,57.186928044956495,0.8324097810030722,,,,72.83692975499812,1.7676029884385829,0.0,3.234692599858091,0.0,22.1607746567052,,,,,,,,,,,,,,,,,,,,,,,Unavailable_pre2011,none,,,,,,,,,,,Matatiele,Alfred Nzo,False
EC442,83703,1006,164,45693,46699,55.79130974994923,2.1542217178098038,2006,91.94406145361434,86.00223228940976,1.1776791076132762,4,128196.0,49.69187806171799,1.398646644677969,72.09434268114768,83.62619549359702,3.0,6.099431688231235,-0.2209675370646928,13.907889608262082,-34.70701113919311,57.186928044956495,-1.3956182950072673,-6.612555900464656,56.30443396218265,11.761315621733887,91.94406145361434,0.0,0.0,5.941829164204583,0.0,2.114109382181084,83.62619549359702,8.317865960017315,0.0,0.0,0.0,0.0,11.531852812449344,-5.590023648244761,0.0,0.0,4.841951693953632,-2.727842311772548,,,,,,,,,,,Unavailable_pre2011,none,,,,,,,,,,,Umzimvubu,Alfred Nzo,False
EC443,104718,1210,228,58886,60096,57.388414599209305,2.0134451544195957,2006,94.8120096457562,92.17131406446354,1.111358665224384,6,74410.0,43.05200913855665,1.321085586827658,71.68726922459464,85.84363461229732,2.0,14.336405460652657,-0.209726921603274,20.4840448398689,40.731084531648975,57.186928044956495,0.20148655425280992,-13.252424823626,56.30443396218265,11.217345620391306,94.8120096457562,0.4907787929219169,0.0,2.640695581292668,0.0,2.056515980029218,85.84363461229732,8.968375033458884,0.0,0.4907787929219169,0.0,0.0,14.156365387702682,-11.515669806410013,0.0,0.0,0.0,2.056515980029218,,,,,,,,,,,Unavailable_pre2011,none,,,,,,,,,,,Winnie Madikizela-Mandela,Alfred Nzo,False
EC444,60433,717,131,33986,34703,57.4239240150249,2.066103795060945,2006,91.1463543812158,85.85594068145707,1.1978424917450887,3,39477.0,52.60784760746764,1.416659991033255,64.16941315362291,82.08470657681146,2.0,4.8160764075572615,-0.2188174992881659,21.68652752783416,53.084074271094565,57.186928044956495,0.23699597006840634,-3.6965863547150093,56.30443396218265,10.58347350281825,91.1463543812158,0.0,0.0,5.290413699758724,0.0,3.563231919025469,82.08470657681146,9.061647804404345,0.0,0.0,0.0,0.0,17.915293423188547,-12.624879723429824,0.0,0.0,0.0,3.563231919025469,,,,,,,,,,,Unavailable_pre2011,none,,,,,,,,,,,Ntabankulu,Alfred Nzo,False
NMA,513491,4955,243,283479,288434,56.17118897896945,1.7178973352656066,2006,67.60782985688535,43.46741733955602,1.936248185071056,13,469424.0,61.69177545246941,1.931989470969546,37.29384927635463,65.93225016506031,7.0,-5.520586473499961,0.0042587141015095,6.173568063201394,9.387462081188858,57.186928044956495,-1.0157390659870487,5.387341490286758,56.30443396218265,13.059261690192992,67.60782985688535,24.140412517329327,0.0,1.1637546343820884,0.0,7.088002991403243,65.93225016506031,1.6755796918250354,28.63840088870568,-4.497988371376351,0.0,0.0,2.3978285398887023,-1.2340739055066139,0.0,0.0,3.031520406345294,4.05648258505795,,,,,,,,,,,Unavailable_pre2011,none,,,,,,,,,,,Nelson Mandela Bay,Nelson Mandela Bay (metro),True
BUF,384910,4016,308,212540,216556,56.26146371879141,1.8544856757605424,2011,69.12534111226122,48.864684294721,1.9160031327698703,8,358460.0,52.26078223511689,1.4770633685670602,69.40180849853446,81.33421464677933,9.0,4.000681483674512,0.4389397642028101,-20.537124203813462,7.378787033420742,58.03492187022997,-1.773458151438561,-4.926145809839603,57.186928044956495,12.789572356785587,69.12534111226122,20.260656817540227,0.0,0.7353909852263103,0.0,9.878611084972237,81.33421464677933,-12.208873534518105,11.932406148244867,8.32825066929536,0.0,0.0,1.383192557958098,-0.6478015727317876,0.0,0.0,5.350186647017708,4.528424437954529,781853.0,26.5,6.1,27.0,5.1,27.1,13.2,71.9,69.1,81.1,Observed_Census2011,none,,,,,,,,,,,Buffalo City,Buffalo City (metro),True
EC101,38214,291,42,23537,23828,62.35411105877427,1.22125230820883,2011,54.335726728130176,9.835578026086589,2.0271284374278777,5,34211.0,53.66987226330712,2.112624668253536,33.51831298557158,62.28079911209767,5.0,8.684238795467152,-0.0854962308256581,-23.682734959485,11.700914910408944,58.03492187022997,4.3191891885443,-3.5170557816493755,57.186928044956495,10.440302508763368,54.335726728130176,44.50014870204359,0.0,0.0,0.0,1.1641245698262424,62.28079911209767,-7.945072383967492,28.76248612652608,15.737662575517508,0.0,0.0,0.0,0.0,0.0,0.0,8.956714761376247,-7.792590191550005,79292.0,30.2,6.8,26.0,9.3,18.4,7.6,95.3,96.9,92.1,Observed_Census2011,none,,,,,,,,,,,Dr Beyers Naude,Sarah Baartman,False
EC102,17451,404,27,9899,10303,59.039596584722936,3.921188003494128,2011,65.5419739367613,31.083947873522582,1.823783849579366,2,17453.0,53.32607574629004,1.6573242833607278,52.410166520595965,74.44127957931639,4.0,5.713520838432899,0.1664595662186381,-21.326218647073382,-0.0114593479631053,58.03492187022997,1.004674714492964,-3.860852298666458,57.186928044956495,9.767266832624836,65.5419739367613,34.45802606323871,0.0,0.0,0.0,0.0,74.44127957931639,-8.899305642555092,22.031113058720425,12.426913004518287,0.0,0.0,1.161262050832603,-1.161262050832603,0.0,0.0,2.366345311130587,-2.366345311130587,36002.0,29.2,7.0,27.0,10.5,19.0,6.1,95.9,91.4,86.9,Observed_Census2011,none,,,,,,,,,,,Blue Crane Route,Sarah Baartman,False
EC104,44876,341,37,24699,25040,55.79819948301988,1.3618210862619808,2011,73.30661160370865,52.76326976800679,1.7213246990773756,5,43059.0,52.39787268631413,1.4822043665586049,66.94270669247041,80.90823169359557,7.0,3.400326796705748,0.2391203325187709,-14.179436924463616,4.219791448942156,58.03492187022997,-2.2367223872100936,-4.789055358642365,57.186928044956495,10.67032654723949,73.30661160370865,20.54334183570185,0.0,0.0,0.0,6.150046560589502,80.90823169359557,-7.6016200898869215,13.965525001125163,6.577816834576685,0.0,0.0,1.1071605382780505,-1.1071605382780505,0.0,0.0,4.019082767001223,2.130963793588279,80390.0,24.4,6.2,26.0,6.3,23.0,11.7,85.4,85.2,89.5,Observed_Census2011,none,,,,,,,,,,,Makana,Sarah Baartman,False
EC105,32532,831,28,21014,21845,67.14926841263986,3.8040741588464178,2011,68.91120205577234,37.82240411154468,1.749699494154536,2,29895.0,62.75965880582037,1.5578060603373105,57.7497439215052,77.58369723435226,3.0,4.389609606819484,0.1918934338172255,-19.92733980996052,8.820873055694921,58.03492187022997,9.114346542409884,5.572730760863877,57.186928044956495,10.305446521315005,68.91120205577234,31.088797944227657,0.0,0.0,0.0,0.0,77.58369723435226,-8.672495178579922,19.83395331284705,11.254844631380607,0.0,0.0,0.0,0.0,0.0,0.0,2.5823494528006847,-2.5823494528006847,61176.0,25.2,9.9,25.0,9.7,20.4,9.6,83.6,86.0,86.3,Observed_Census2011,none,,,,,,,,,,,Ndlambe,Sarah Baartman,False
EC106,25366,1229,37,15179,16408,64.68501143262635,7.490248659190638,2011,78.54931154885038,57.09862309770077,1.508266875640079,2,23575.0,60.05514316012725,1.303575337215529,77.10791366906474,86.99280575539568,4.0,4.629868272499103,0.20469153842455,-20.009290571363977,7.597030752916223,58.03492187022997,6.650089562396381,2.868215115170756,57.186928044956495,10.067942107501658,78.54931154885038,21.450688451149613,0.0,0.0,0.0,0.0,86.99280575539568,-8.443494206545296,9.884892086330936,11.565796364818677,0.0,0.0,0.8992805755395683,-0.8992805755395683,0.0,0.0,2.2230215827338213,-2.2230215827338213,54504.0,26.7,5.2,27.0,8.8,15.3,3.7,84.6,72.6,79.8,Observed_Census2011,none,,,,,,,,,,,Sundays River Valley,Sarah Baartman,False
EC108,51435,861,33,34252,35113,68.26674443472344,2.4520832740010823,2011,50.169333177624665,1.848067266145044,2.060615876473129,5,39395.0,58.16220332529509,2.6451581832682334,20.935828877005346,52.2192513368984,7.0,10.104541109428348,-0.5845423067951043,-19.0877616108603,30.562254093159027,58.03492187022997,10.231822564493463,0.9752752803385931,57.186928044956495,10.58139418367979,50.169333177624665,48.32126591147962,0.0,0.0,0.0,1.509400910895721,52.2192513368984,-2.049918159273737,31.28342245989305,17.03784345158657,0.0,0.0,0.0,0.0,0.0,0.0,16.49732620320856,-14.987925292312838,98558.0,26.8,7.9,28.0,4.9,24.7,9.3,76.1,82.4,86.9,Observed_Census2011,none,,,,,,,,,,,Kouga,Sarah Baartman,False
EC109,18579,107,20,11357,11464,61.704074492706816,0.9333565945568736,2011,57.84097913181298,15.681958263625958,1.951995775213065,2,16334.0,52.44887963756582,1.9911439909782351,47.32377538829152,67.09677419354838,4.0,9.255194855141,-0.0391482157651701,-31.64181712466556,13.744336965838125,58.03492187022997,3.669152622476844,-4.738048407390679,57.186928044956495,9.70100410391822,57.84097913181298,42.15902086818702,0.0,0.0,0.0,0.0,67.09677419354838,-9.255795061735405,19.77299880525687,22.386022062930152,0.0,0.0,0.0,0.0,0.0,0.0,13.130227001194754,-13.130227001194754,40663.0,29.7,4.5,26.0,5.3,17.8,3.7,90.6,89.6,87.1,Observed_Census2011,none,,,,,,,,,,,Kou-Kamma,Sarah Baartman,False
EC121,113875,4704,278,59720,64424,56.57431394072448,7.301626722960387,2011,70.26456798392498,55.05023442732752,1.8865500960275952,8,100465.0,63.70974966406211,1.391602672989958,69.1854900459418,83.53592394078612,5.0,-7.135435723337629,0.4949474230376371,-14.13525561861428,13.347932115662164,58.03492187022997,-1.4606079295054926,6.522821619105613,57.186928044956495,11.517564687118654,70.26456798392498,1.1352980576021434,0.0,11.38312123241795,0.0,17.217012726054932,83.53592394078612,-13.271355956861143,0.5136549259826442,0.6216431316194992,0.0,0.0,14.350433894844308,-2.967312662426357,0.0,0.0,1.599987238386916,15.617025487668016,261670.0,38.0,8.2,19.0,21.4,10.2,4.9,30.6,7.5,48.9,Observed_Census2011,none,,,,,,,,,,,Mbhashe,Amathole,False
EC122,123140,1343,287,65863,67206,54.57690433652753,1.998333482129572,2011,76.44049010825502,65.13672319815375,1.660559173949989,7,120953.0,57.68190950203798,1.5242908265989918,65.87530116941882,79.6747370276782,4.0,-3.105005165510456,0.1362683473509971,-0.7385779712650731,1.8081403520375796,58.03492187022997,-3.4580175337024457,0.49498145708148655,57.186928044956495,11.703157319368435,76.44049010825502,3.3827794057361493,0.0,6.024626877002262,0.0,14.152103609006572,79.6747370276782,-3.2342469194231853,3.831462654992067,-0.4486832492559176,0.0,0.0,13.799435858259388,-7.7748089812571255,0.0,0.0,2.694364459070343,11.457739149936229,245629.0,34.2,8.9,21.0,11.0,13.7,8.1,49.1,18.1,62.3,Observed_Census2011,none,,,,,,,,,,,Mnquma,Amathole,False
EC123,21302,240,49,12752,12992,60.98957844333865,1.8472906403940887,2011,84.6141781681305,69.22835633626099,1.352030534661887,2,21025.0,63.21997621878716,1.340240509909564,80.60998856271445,86.03126191383912,5.0,-2.230397775448509,0.011790024752323,-11.381632226453462,1.317479191438764,58.03492187022997,2.9546565731086787,6.0330481738306645,57.186928044956495,9.953467484841148,84.6141781681305,15.38582183186951,0.0,0.0,0.0,0.0,86.03126191383912,-1.4170837457086236,5.4212733511246665,9.964548480744844,0.0,0.0,3.072817384674037,-3.072817384674037,0.0,0.0,5.474647350362176,-5.474647350362176,30832.0,28.4,9.6,27.0,19.0,15.6,5.3,68.5,51.0,78.3,Observed_Census2011,none,,,,,,,,,,,Great Kei,Amathole,False
EC124,63773,709,118,36210,36919,57.891270600410834,1.920420379750264,2011,82.37779618889809,74.26953880143606,1.45302232041695,8,66240.0,58.96135265700483,1.2258066539781864,85.78102570794728,90.13963199791203,5.0,-1.0700820565939964,0.2272156664387636,-11.511486906511225,-3.7243357487922735,58.03492187022997,-0.1436512698191379,1.7744246120483353,57.186928044956495,11.101039789059142,82.37779618889809,4.976525821596244,0.0,1.168185584092792,0.0,11.477492405412876,90.13963199791203,-7.761835809013945,4.358606289964766,0.6179195316314781,0.0,0.0,3.2937491843925355,-2.125563600299744,0.0,0.0,2.208012527730645,9.269479877682231,101035.0,30.7,8.4,25.0,10.1,14.1,4.8,61.5,41.4,87.3,Observed_Census2011,none,,,,,,,,,,,Amahlathi,Amathole,False
EC126,42100,582,90,19070,19652,46.679334916864605,2.9615306330144517,2011,95.43786051389615,92.19716832721552,1.0964150646979889,3,43660.0,58.18598259276225,1.0723200150916,93.01155115511553,96.50577557755776,2.0,-11.506647675897646,0.0240950496063885,-0.8143828278999905,-3.573064590013741,58.03492187022997,-11.355586953365368,0.9990545478057555,57.186928044956495,10.684187630103935,95.43786051389615,3.24069218668065,0.0,0.0,0.0,1.321447299423184,96.50577557755776,-1.0679150636616015,3.4942244224422443,-0.2535322357615941,0.0,0.0,0.0,0.0,0.0,0.0,0.0,1.321447299423184,64422.0,29.8,11.8,27.0,14.4,14.5,3.7,71.6,21.5,91.5,Observed_Census2011,none,,,,,,,,,,,Ngqushwa,Amathole,False
EC129,80463,1940,139,43859,45799,56.91932938120627,4.235900347169152,2011,82.63070293440343,74.96522948539638,1.4440491844228207,8,81990.0,57.56921575801927,1.3462565659053845,80.98457589439187,85.88453693305526,6.0,-0.6498863768130008,0.0977926185174362,-6.019346408995489,-1.862422246615436,58.03492187022997,-1.1155924890237046,0.3822877130627731,57.186928044956495,11.314352567590223,82.63070293440343,7.665473449007045,0.0,0.4674069176223808,0.0,9.236416698967131,85.88453693305526,-3.253833998651828,4.494304769325969,3.1711686796810765,0.0,0.0,1.2078014346939243,-0.7403945170715436,0.0,0.0,8.413356862924857,0.8230598360422743,151379.0,29.0,9.1,26.0,7.1,16.8,6.8,73.6,49.3,89.0,Observed_Census2011,none,,,,,,,,,,,Raymond Mhlaba,Amathole,False
EC131,30238,434,34,17572,18006,59.54758912626497,2.4103076752193715,2011,64.66537673571591,31.61279307989984,1.895127142011019,4,29318.0,54.14762262091548,1.7765513937696678,42.8423972646926,69.93097219534224,4.0,5.399966505349489,0.1185757482413512,-11.229604184792764,3.138003956613677,58.03492187022997,1.5126672560349945,-3.039305424041018,57.186928044956495,10.285956940849976,64.66537673571591,33.05258365581607,0.0,1.1780104712041886,0.0,1.1040291372638222,69.93097219534224,-5.265595459626326,27.088574930649635,5.964008725166437,0.0,0.0,1.0967034384878396,0.08130703271634898,0.0,0.0,1.8837494355203008,-0.7797202982564786,65560.0,29.1,6.2,26.0,10.7,20.2,8.6,97.0,95.8,95.6,Observed_Census2011,none,,,,,,,,,,,Inxuba Yethemba,Chris Hani,False
EC135,72149,645,166,42960,43605,60.43742810018157,1.479188166494668,2011,88.35195530726257,83.79422718808193,1.2751536246969,7,78899.0,61.07555228836868,1.2432065096945808,82.3389123120821,89.33818832247348,3.0,-0.6381241881871063,0.0319471150023191,1.4553148759998322,-8.555241511299261,58.03492187022997,2.402506229951598,3.888624243412181,57.186928044956495,11.275923832482418,88.35195530726257,1.0358472998137802,0.0,3.4124767225325883,0.0,7.199720670391059,89.33818832247348,-0.9862330152109138,0.0,1.0358472998137802,0.0,0.0,6.99927601039138,-3.586799287858792,0.0,0.0,3.6625356671351312,3.537185003255928,150718.0,36.2,10.1,21.0,13.8,10.1,5.0,33.7,9.2,64.1,Observed_Census2011,none,,,,,,,,,,,Intsika Yethu,Chris Hani,False
EC136,58105,1581,157,34500,36081,62.09620514585664,4.381807599567639,2011,86.71304347826087,82.01159420289855,1.322403038470546,6,57910.0,58.19374892073908,1.1931423699571664,86.64069449983128,91.3801036841621,4.0,3.902456225117561,0.1292606685133794,-4.629100296932734,0.336729407701597,58.03492187022997,4.061283275626671,1.0068208757825872,57.186928044956495,10.966645360219836,86.71304347826087,4.701449275362319,0.0,2.582608695652174,0.0,6.0028985507246375,91.3801036841621,-4.6670602059012225,1.263842449154882,3.437606826207437,0.0,0.0,4.739409184330808,-2.1568004886786336,0.0,0.0,2.6166446823522165,3.386253868372421,120758.0,35.1,9.9,21.0,18.8,11.0,3.8,55.8,29.2,78.6,Observed_Census2011,none,,,,,,,,,,,Emalahleni,Chris Hani,False
EC137,69485,610,140,37534,38144,54.89530114413183,1.5992030201342282,2011,86.97714072574199,80.33249853466191,1.3126760691255623,9,59915.0,57.73011766669448,1.4006900309138028,74.12147246584334,83.7688682059543,4.0,-2.8348165225626545,-0.0880139617882405,6.211026068818569,15.97262788951015,58.03492187022997,-3.139620726098144,0.5431896217379872,57.186928044956495,11.000682170116617,86.97714072574199,0.706026535940747,0.0,6.644642191080087,0.0,5.672190547237179,83.7688682059543,3.208272519787684,0.0,0.706026535940747,0.0,0.0,9.647395740110971,-3.002753549030884,0.0,0.0,6.583736053934729,-0.91154550669755,155513.0,39.5,7.6,19.0,19.7,9.6,5.1,30.7,7.4,50.9,Observed_Census2011,none,,,,,,,,,,,Engcobo,Chris Hani,False
EC138,29165,287,64,16502,16789,57.56557517572433,1.7094526177854548,2011,82.30517513028724,74.34856381044722,1.456478851233799,7,26015.0,55.86776859504132,1.412660305721424,74.49792121767318,83.4190684236488,4.0,1.6978065806830074,0.0438185455123749,-0.1493574072259633,12.108399000576586,58.03492187022997,-0.4693466945056457,-1.3191594499151762,57.186928044956495,10.166428573724405,82.30517513028724,3.854078293540177,0.0,2.62998424433402,0.0,11.210762331838552,83.4190684236488,-1.1138932933615564,1.4657177084067368,2.38836058513344,0.0,0.0,6.194066661968853,-3.5640824176348334,0.0,0.0,8.921147205975615,2.2896151258629374,63154.0,35.0,7.4,21.0,12.7,14.2,6.3,64.5,45.4,79.1,Observed_Census2011,none,,,,,,,,,,,Sakhisizwe,Chris Hani,False
EC139,116515,1061,164,65186,66247,56.85705703128352,1.6015819584283062,2011,80.71518424201516,70.45684656214524,1.5006158853657483,8,113322.0,51.73134960554879,1.2523909471296348,83.88319137841127,89.12393533808448,5.0,5.125707425734731,0.2482249382361134,-13.426344816266024,2.817634704646932,58.03492187022997,-1.177864838946455,-5.455578439407702,57.186928044956495,11.637988602923901,80.71518424201516,10.25833767986991,0.0,1.6445248979842295,0.0,7.381953180130708,89.12393533808448,-8.408751096069324,5.240743959673214,5.017593720196697,0.0,0.0,2.5291152442204066,-0.884590346236177,0.0,0.0,3.106205458021904,4.275747722108804,250776.0,31.0,7.2,24.0,9.7,20.4,9.9,87.7,71.5,88.7,Observed_Census2011,none,,,,,,,,,,,Enoch Mgijima,Chris Hani,False
EC141,58401,1201,160,31450,32651,55.908289241622576,3.678294692352455,2011,80.06677265500795,72.88394276629572,1.5321761491328474,6,55908.0,57.00078700722616,1.2743737390789158,79.91676691484865,88.16204441265403,4.0,-1.092497765603582,0.2578024100539315,-7.032824148552933,4.4591113972955565,58.03492187022997,-2.126632628607396,-0.1861410377303372,57.186928044956495,10.931462761604797,80.06677265500795,6.4260731319554845,0.0,4.65818759936407,0.0,8.848966613672488,88.16204441265403,-8.095271757646074,1.736190135578893,4.689882996376592,0.0,0.0,8.245277497805377,-3.587089898441307,0.0,0.0,1.856487953961704,6.992478659710784,137045.0,35.3,8.3,21.0,16.0,11.9,5.1,33.2,17.7,46.5,Observed_Census2011,none,,,,,,,,,,,Elundini,Joe Gqabi,False
EC142,62646,718,94,36454,37172,59.33658972639913,1.9315613902937696,2011,87.07960717616723,80.70993580951337,1.3071069488985192,5,61368.0,61.54999348194499,1.1624563938083947,89.92088992088992,92.65059265059266,4.0,-2.213403755545855,0.1446505550901244,-9.210954111376552,2.082518576456782,58.03492187022997,1.3016678561691606,4.363065436988492,57.186928044956495,11.024643805639132,87.07960717616723,6.369671366653865,0.0,1.2508915345366765,0.0,5.299829922642232,92.65059265059266,-5.570985474425427,2.72970272970273,3.639968636951135,0.0,0.0,2.6406026406026406,-1.3897111060659642,0.0,0.0,1.9791019791019693,3.3207279435402626,134150.0,34.0,7.7,22.0,14.5,13.3,5.3,70.2,41.1,81.1,Observed_Census2011,none,,,,,,,,,,,Senqu,Joe Gqabi,False
EC145,35250,481,41,21345,21826,61.9177304964539,2.203793640612114,2011,69.56664324197705,48.91543687046147,1.877851041048495,5,33743.0,56.18943188216815,1.5290675380425014,60.11417906351211,78.68474501838942,4.0,5.728298614285748,0.3487835030059936,-11.19874219305064,4.466111489790481,58.03492187022997,3.8828086262239268,-0.9974961627883445,57.186928044956495,10.426528267381377,69.56664324197705,20.651206371515578,0.0,1.5413445771843524,0.0,8.240805809323021,78.68474501838942,-9.118101776412374,18.570565954877317,2.0806404166382606,0.0,0.0,0.0,1.5413445771843524,0.0,0.0,2.744689026733269,5.496116782589752,77477.0,32.1,6.0,24.0,12.7,19.6,8.7,90.2,86.8,87.0,Observed_Census2011,none,,,,,,,,,,,Walter Sisulu,Joe Gqabi,False
EC153,121851,1210,213,63614,64824,53.19939926631706,1.866592620017277,2011,89.36083252114314,83.00059735278397,1.2451065238653354,6,110610.0,55.7381791881385,1.1590045601266448,89.38062142273098,92.79776505859908,5.0,-2.538779921821444,0.0861019637386906,-6.380024069947012,10.162733930024404,58.03492187022997,-4.8355226039129136,-1.4487488568179927,57.186928044956495,11.6137657798963,89.36083252114314,1.6097085547206589,0.0,1.5201056371239037,0.0,7.509353287012303,92.79776505859908,-3.436932537455945,0.0,1.6097085547206589,0.0,0.0,3.417143635868084,-1.89703799874418,0.0,0.0,3.785091305532845,3.724261981479458,278481.0,42.4,5.4,17.0,20.8,12.7,5.2,40.5,8.4,62.8,Observed_Census2011,none,,,,,,,,,,,Ngquza Hill,O.R. Tambo,False
EC154,68019,2662,111,35816,38478,56.56948793719402,6.918238993710692,2011,87.8127094036185,83.65814161268707,1.2893940857896815,5,62420.0,60.86030118551746,1.216049350138091,82.77707365159836,90.3534713420645,4.0,-4.290813248323445,0.0733447356515908,0.8810679610887178,8.96988144825377,58.03492187022997,-1.4654339330359534,3.6733731405609618,57.186928044956495,11.041641015824771,87.8127094036185,4.154567790931427,0.0,3.908867545231181,0.0,4.123855260218903,90.3534713420645,-2.5407619384459963,0.0,4.154567790931427,0.0,0.0,7.576397690466131,-3.6675301452349505,0.0,0.0,2.0701309674693675,2.0537242927495356,156136.0,42.5,5.6,23.0,23.5,12.0,3.9,24.6,7.5,67.8,Observed_Census2011,none,,,,,,,,,,,Port St Johns,O.R. Tambo,False
EC155,118639,1046,208,62912,63958,53.90975985974258,1.6354482629225429,2011,86.043997965412,79.22018056968464,1.3388466174996954,6,108512.0,59.54364494249484,1.2220284363522655,81.5983026874116,90.05814867201006,5.0,-5.633885082752258,0.1168181811474298,-2.37812211772696,9.332608375110585,58.03492187022997,-4.125162010487394,2.356716897538348,57.186928044956495,11.594616044925365,86.043997965412,2.9422049847405902,0.0,6.823817395727366,0.0,4.189979654120052,90.05814867201006,-4.014150706598059,0.0,2.9422049847405902,0.0,0.0,8.45984598459846,-1.6360285888710937,0.0,0.0,1.482005343391478,2.7079743107285736,290390.0,40.6,5.4,18.0,18.2,15.2,4.1,33.8,6.4,71.0,Observed_Census2011,none,,,,,,,,,,,Nyandeni,O.R. Tambo,False
EC156,90368,1158,185,49730,50888,56.31196883852692,2.2755855997484677,2011,91.06575507741806,85.35290569072994,1.200089032043854,4,84347.0,58.67310040665347,1.3069626998870865,76.92275970143098,86.86956163140748,4.0,-2.3611315681265523,-0.1068736678432324,8.430145989298964,7.138368880932333,58.03492187022997,-1.7229530317030495,1.4861723616969726,57.186928044956495,11.342694521247969,91.06575507741806,0.0,0.0,5.712849386688116,0.0,3.2213955358938198,86.86956163140748,4.196193446010582,0.0,0.0,0.0,0.0,9.946801929976496,-4.233952543288381,0.0,0.0,3.18363643861602,0.03775909727779991,190745.0,38.3,7.2,19.0,14.7,12.4,4.8,34.3,13.0,72.4,Observed_Census2011,none,,,,,,,,,,,Mhlontlo,O.R. Tambo,False
EC157,194640,1560,341,91474,93034,47.79798602548294,1.6768063288690156,2011,66.0428099787918,41.05100902988828,1.996976155176456,10,178964.0,49.66417827049016,1.7107028813184233,48.3004134129536,72.49885163068443,6.0,-1.8661922450072128,0.2862732738580325,-7.249404383065325,8.759303547082098,58.03492187022997,-10.23693584474703,-7.522749774466334,57.186928044956495,12.094939947277656,66.0428099787918,2.8871591927760893,0.0,24.991800948903517,0.0,6.0782298795285925,72.49885163068443,-6.456041651892633,0.6603123564538356,2.2268468363222538,0.0,0.0,24.19843821773082,0.7933627311726958,0.0,0.0,2.6423977951309183,3.435832084397674,450287.0,35.0,5.1,20.0,14.0,19.1,10.5,60.2,38.4,73.3,Observed_Census2011,none,,,,,,,,,,,King Sabata Dalindyebo,O.R. Tambo,False
EC441,89856,2918,167,50935,53853,59.93255876068376,5.418453939427701,2011,74.18474526357122,60.22774123883381,1.740131154137605,5,85325.0,58.01933782595957,1.7285438262538857,51.24796527400977,72.83692975499812,5.0,1.913220934724194,0.0115873278837193,8.979775964824036,5.310284207442129,58.03492187022997,1.8976368904537892,0.8324097810030722,57.186928044956495,11.354222773774907,74.18474526357122,4.870913909885148,0.0,3.0568371453813685,0.0,17.887503681162272,72.83692975499812,1.3478155085730918,1.7676029884385829,3.1033109214465657,0.0,0.0,3.234692599858091,-0.17785545447672257,0.0,0.0,22.1607746567052,-4.273270975542928,203843.0,38.4,6.9,19.0,9.4,12.9,5.6,49.7,27.6,44.9,Observed_Census2011,none,,,,,,,,,,,Matatiele,Alfred Nzo,False
EC442,92039,2750,186,47707,50457,54.82132574234835,5.450185306300415,2011,83.64810195568785,78.13738025866226,1.4155396532126956,6,83703.0,55.79130974994923,1.1776791076132762,86.00223228940976,91.94406145361434,4.0,-0.9699840076008784,0.2378605455994193,-7.8648520307475,9.959021779386635,58.03492187022997,-3.2135961278816225,-1.3956182950072673,57.186928044956495,11.335030098129154,83.64810195568785,3.085501079506152,0.0,4.663885802922003,0.0,8.602511161883996,91.94406145361434,-8.29595949792649,0.0,3.085501079506152,0.0,0.0,5.941829164204583,-1.2779433612825795,0.0,0.0,2.114109382181084,6.488401779702912,191775.0,38.3,6.7,19.0,8.0,13.9,6.3,37.7,17.2,45.2,Observed_Census2011,none,,,,,,,,,,,Umzimvubu,Alfred Nzo,False
EC443,116717,3228,255,62734,65962,56.51447518356366,4.8937266911251935,2011,86.03149807122135,82.30783944910256,1.3444651090519748,9,104718.0,57.388414599209305,1.111358665224384,92.17131406446354,94.8120096457562,6.0,-0.8739394156456441,0.2331064438275907,-9.863474615360984,11.458393017437318,58.03492187022997,-1.520446686666311,0.20148655425280992,57.186928044956495,11.559026301852892,86.03149807122135,2.277871648547837,0.0,1.0026460930277044,0.0,10.6879841872031,94.8120096457562,-8.780511574534856,0.4907787929219169,1.78709285562592,0.0,0.0,2.640695581292668,-1.6380494882649634,0.0,0.0,2.056515980029218,8.631468207173882,281905.0,44.2,5.2,17.0,19.4,13.1,5.0,43.7,6.9,60.0,Observed_Census2011,none,,,,,,,,,,,Winnie Madikizela-Mandela,Alfred Nzo,False
EC444,59966,896,135,31463,32359,53.962245272320985,2.768935999258321,2011,87.98906652258208,81.53068683850873,1.2830357876785337,6,60433.0,57.4239240150249,1.1978424917450887,85.85594068145707,91.1463543812158,3.0,-3.461678742703917,0.0851932959334449,-4.325253842948342,-0.7727566064898328,58.03492187022997,-4.072676597908988,0.23699597006840634,57.186928044956495,11.00929059233982,87.98906652258208,2.129485427327337,0.0,2.21530051171217,0.0,7.666147538378411,91.1463543812158,-3.1572878586337225,0.0,2.129485427327337,0.0,0.0,5.290413699758724,-3.075113188046554,0.0,0.0,3.563231919025469,4.102915619352942,123821.0,41.5,6.3,18.0,17.9,9.8,3.8,24.7,8.0,23.3,Observed_Census2011,none,,,,,,,,,,,Ntabankulu,Alfred Nzo,False
NMA,569470,4143,246,364203,368346,64.68224840641298,1.124757700640159,2011,52.13219001490927,11.89117058343836,2.2925294829474043,13,513491.0,56.17118897896945,1.936248185071056,43.46741733955602,67.60782985688535,13.0,8.511059427443534,0.3562812978763487,-31.576246756117666,10.901651635569063,58.03492187022997,6.647326536183009,-1.0157390659870487,57.186928044956495,13.148987781420134,52.13219001490927,40.24101943147091,0.0,0.5395342707226465,0.0,7.087256282897187,67.60782985688535,-15.475639841976076,24.140412517329327,16.100606914141583,0.0,0.0,1.1637546343820884,-0.6242203636594419,0.0,0.0,7.088002991403243,-0.0007467085060568479,1152115.0,25.5,6.0,28.0,3.0,30.9,11.6,87.2,90.4,90.5,Observed_Census2011,none,,,,,,,,,,,Nelson Mandela Bay,Nelson Mandela Bay (metro),True
BUF,419044,5843,339,227772,233615,55.74951556399805,2.501123643601652,2016,59.864250215127406,36.41272851799168,2.36949859666239,12,384910.0,56.26146371879141,1.9160031327698703,48.864684294721,69.12534111226122,8.0,-0.5119481547933518,0.4534954638925195,-12.451955776729328,8.868047075939822,56.22973020128737,-0.4802146372893148,-1.773458151438561,58.03492187022997,12.86076481970857,59.864250215127406,23.45152169713573,8.206891101627944,1.2925205907662047,0.0,7.184816395342722,69.12534111226122,-9.261090897133819,20.260656817540227,3.1908648795955017,0.0,8.206891101627944,0.7353909852263103,0.5571296055398944,0.0,0.0,9.878611084972237,-2.693794689629515,869763.0,25.727272727272727,6.872727272727272,28.363636363636363,4.6454545454545455,30.05454545454545,14.018181818181818,78.12727272727273,75.73636363636363,87.23636363636363,Interpolated_2011_2022,2011,781853.0,26.5,6.1,27.0,5.1,27.1,13.2,71.9,69.1,81.1,Buffalo City,Buffalo City (metro),True
EC101,40887,359,46,24709,25068,61.31044097145792,1.4321046752832296,2016,51.0218948561253,4.617750617184022,2.100601035380937,4,38214.0,62.35411105877427,2.0271284374278777,9.835578026086589,54.335726728130176,5.0,-1.0436700873163502,0.0734725979530588,-5.217827408902565,6.994818652849744,56.22973020128737,5.080710770170555,4.3191891885443,58.03492187022997,10.55095721959942,51.0218948561253,46.40414423894128,1.857622728560444,0.0,0.0,0.7163381763729717,54.335726728130176,-3.313831872004876,44.50014870204359,1.903995536897689,0.0,1.857622728560444,0.0,0.0,0.0,0.0,1.1641245698262424,-0.44778639345327065,89159.72727272726,29.33636363636364,7.390909090909091,26.90909090909091,6.981818181818182,22.49090909090909,7.781818181818181,96.16363636363636,97.44545454545457,94.46363636363635,Interpolated_2011_2022,2011,79292.0,30.2,6.8,26.0,9.3,18.4,7.6,95.3,96.9,92.1,Dr Beyers Naude,Sarah Baartman,False
EC102,18372,140,29,10852,10992,59.83017635532332,1.2736535662299855,2016,59.40840398083303,20.816439366015487,1.990962336214956,3,17451.0,59.039596584722936,1.823783849579366,31.083947873522582,65.5419739367613,2.0,0.790579770600381,0.1671784866355903,-10.267508507507095,5.277634519511776,56.22973020128737,3.60044615403595,1.004674714492964,58.03492187022997,9.767152232578871,59.40840398083303,38.59196461481754,1.9996314043494288,0.0,0.0,0.0,65.5419739367613,-6.133569955928266,34.45802606323871,4.133938551578829,0.0,1.9996314043494288,0.0,0.0,0.0,0.0,0.0,0.0,42311.545454545456,27.29090909090909,8.0,28.818181818181817,9.272727272727272,22.727272727272727,6.827272727272727,96.4909090909091,89.58181818181819,89.30909090909091,Interpolated_2011_2022,2011,36002.0,29.2,7.0,27.0,10.5,19.0,6.1,95.9,91.4,86.9,Blue Crane Route,Sarah Baartman,False
EC104,46398,402,40,23997,24399,52.58631837579206,1.6476085085454322,2016,62.83285410676334,33.104138017252154,2.0549314283657005,5,44876.0,55.79819948301988,1.7213246990773756,52.76326976800679,73.30661160370865,5.0,-3.2118811072278177,0.3336067292883249,-19.65913175075464,3.3915678759247614,56.22973020128737,-3.6434118254953063,-2.2367223872100936,58.03492187022997,10.711658409664855,62.83285410676334,29.728716089511188,5.759053214985206,0.8126015751968996,0.0,0.8667750135433749,73.30661160370865,-10.473757496945304,20.54334183570185,9.18537425380934,0.0,5.759053214985206,0.0,0.8126015751968996,0.0,0.0,6.150046560589502,-5.283271547046127,88310.45454545454,23.26363636363636,7.1090909090909085,28.272727272727277,5.163636363636364,26.0,13.927272727272728,87.30909090909091,87.24545454545455,92.0909090909091,Interpolated_2011_2022,2011,80390.0,24.4,6.2,26.0,6.3,23.0,11.7,85.4,85.2,89.5,Makana,Sarah Baartman,False
EC105,34455,224,29,22252,22476,65.23291249455812,0.996618615411995,2016,62.331475822397984,31.39043681466834,2.058080890517404,5,32532.0,67.14926841263986,1.749699494154536,37.82240411154468,68.91120205577234,2.0,-1.9163559180817344,0.3083813963628676,-6.431967296876337,5.911102914053856,56.22973020128737,9.003182293270754,9.114346542409884,58.03492187022997,10.389979499286666,62.331475822397984,30.941039007729643,2.7008808197016,2.6963868416322128,0.0,1.330217508538567,68.91120205577234,-6.579726233374352,31.088797944227657,-0.14775893649801475,0.0,2.7008808197016,0.0,2.6963868416322128,0.0,0.0,0.0,1.330217508538567,73276.45454545454,23.42727272727273,12.263636363636364,29.545454545454547,8.154545454545454,23.945454545454545,11.872727272727271,86.91818181818182,88.0,89.52727272727273,Interpolated_2011_2022,2011,61176.0,25.2,9.9,25.0,9.7,20.4,9.6,83.6,86.0,86.3,Ndlambe,Sarah Baartman,False
EC106,25839,183,37,14723,14906,57.68799102132436,1.2276935462229974,2016,71.16756095904367,49.392107586769,1.796554455421583,5,25366.0,64.68501143262635,1.508266875640079,57.09862309770077,78.54931154885038,2.0,-6.997020411301996,0.2882875797815043,-7.706515510931766,1.8647007805724147,56.22973020128737,1.4582608200369904,6.650089562396381,58.03492187022997,10.141164973627374,71.16756095904367,21.775453372274672,4.937852339876384,0.5161991441961556,0.0,1.6029341846091256,78.54931154885038,-7.381750589806714,21.450688451149613,0.32476492112505895,0.0,4.937852339876384,0.0,0.5161991441961556,0.0,0.0,0.0,1.6029341846091256,53936.72727272727,25.51818181818182,5.381818181818182,27.90909090909091,7.254545454545455,17.663636363636364,3.518181818181818,86.05454545454545,77.87272727272727,86.43636363636364,Interpolated_2011_2022,2011,54504.0,26.7,5.2,27.0,8.8,15.3,3.7,84.6,72.6,79.8,Sundays River Valley,Sarah Baartman,False
EC108,58145,481,39,37960,38441,66.11230544328834,1.2512681772066283,2016,56.7518440463646,16.159114857744996,2.0531616969420714,7,51435.0,68.26674443472344,2.060615876473129,1.848067266145044,50.169333177624665,5.0,-2.1544389914351,-0.0074541795310576,14.311047591599952,13.045591523281818,56.22973020128737,9.882575242000968,10.231822564493463,58.03492187022997,10.84807415356513,40.5927291886196,56.7518440463646,1.1354056902002108,0.1896733403582718,0.0,1.3303477344573196,50.169333177624665,-9.576603989005065,48.32126591147962,8.430578134884982,0.0,1.1354056902002108,0.0,0.1896733403582718,0.0,0.0,1.509400910895721,-0.17905317643840135,102401.63636363635,24.3,11.036363636363635,31.18181818181818,4.718181818181819,29.154545454545456,12.390909090909092,80.0090909090909,85.03636363636365,91.44545454545457,Interpolated_2011_2022,2011,98558.0,26.8,7.9,28.0,4.9,24.7,9.3,76.1,82.4,86.9,Kouga,Sarah Baartman,False
EC109,20413,218,21,11890,12108,59.31514231127223,1.8004625041295013,2016,51.58957106812447,7.174095878889823,2.153825691862614,4,18579.0,61.704074492706816,1.951995775213065,15.681958263625958,57.84097913181298,2.0,-2.3889321814345905,0.2018299166495496,-8.507862384736136,9.871360137789974,56.22973020128737,3.0854121099848655,3.669152622476844,58.03492187022997,9.82978718960617,51.58957106812447,44.41547518923465,2.590412111017662,0.0,0.0,1.404541631623232,57.84097913181298,-6.251408063688508,42.15902086818702,2.2564543210476273,0.0,2.590412111017662,0.0,0.0,0.0,0.0,0.0,1.404541631623232,38764.81818181818,28.472727272727276,5.136363636363637,27.363636363636363,4.390909090909091,21.709090909090907,4.2,92.19090909090907,92.14545454545454,91.91818181818182,Interpolated_2011_2022,2011,40663.0,29.7,4.5,26.0,5.3,17.8,3.7,90.6,89.6,87.1,Kou-Kamma,Sarah Baartman,False
EC121,129921,2716,304,66514,69230,53.28622778457678,3.923154701718908,2016,75.72841807739724,60.47298313137084,1.669877655786998,8,113875.0,56.57431394072448,1.8865500960275952,55.05023442732752,70.26456798392498,8.0,-3.288086156147699,-0.2166724402405972,5.422748704043315,14.090889132821085,56.22973020128737,-2.9435024167105865,-1.4606079295054926,58.03492187022997,11.642856634562259,75.72841807739724,2.304777941486003,3.6097663649757945,15.2554349460264,0.0,3.101602670114559,70.26456798392498,5.46385009347226,1.1352980576021434,1.1694798838838596,0.0,3.6097663649757945,11.38312123241795,3.872313713608449,0.0,0.0,17.217012726054932,-14.115410055940373,251829.0909090909,35.90909090909091,8.836363636363636,21.272727272727277,18.945454545454545,13.063636363636364,5.218181818181818,48.14545454545455,18.409090909090907,67.80909090909091,Interpolated_2011_2022,2011,261670.0,38.0,8.2,19.0,21.4,10.2,4.9,30.6,7.5,48.9,Mbhashe,Amathole,False
EC122,126195,1626,284,62971,64597,51.1882404215698,2.517144759044537,2016,74.15000555811405,66.625907163615,1.7771182098811282,10,123140.0,54.57690433652753,1.660559173949989,65.13672319815375,76.44049010825502,7.0,-3.388663914957732,0.1165590359311392,1.489183965461251,2.4809160305343525,56.22973020128737,-5.0414897797175655,-3.4580175337024457,58.03492187022997,11.721077198465201,74.15000555811405,4.654523510822442,5.054707722602468,7.524098394499055,0.0,8.61666481396199,76.44049010825502,-2.290484550140974,3.3827794057361493,1.271744105086293,0.0,5.054707722602468,6.024626877002262,1.4994715174967927,0.0,0.0,14.152103609006572,-5.535438795044582,239885.36363636365,32.24545454545455,9.763636363636364,24.18181818181818,9.454545454545457,16.836363636363636,8.327272727272726,62.69090909090909,27.78181818181818,77.11818181818182,Interpolated_2011_2022,2011,245629.0,34.2,8.9,21.0,11.0,13.7,8.1,49.1,18.1,62.3,Mnquma,Amathole,False
EC123,17685,286,43,10201,10487,59.29884082555839,2.7271860398588728,2016,74.54171159690226,54.680913635918046,1.672961162804812,4,21302.0,60.98957844333865,1.352030534661887,69.22835633626099,84.6141781681305,2.0,-1.6907376177802649,0.3209306281429249,-14.54744270034294,-16.979626326166553,56.22973020128737,3.069110624271026,2.9546565731086787,58.03492187022997,9.966556244003112,74.54171159690226,19.86079796098422,5.126948338398196,0.0,0.0,0.4705421037153314,84.6141781681305,-10.072466571228233,15.38582183186951,4.474976129114708,0.0,5.126948338398196,0.0,0.0,0.0,0.0,0.0,0.4705421037153314,33176.545454545456,26.80909090909091,10.827272727272728,29.727272727272727,15.181818181818182,19.96363636363636,6.8,76.22727272727272,50.72727272727273,83.66363636363636,Interpolated_2011_2022,2011,30832.0,28.4,9.6,27.0,19.0,15.6,5.3,68.5,51.0,78.3,Great Kei,Amathole,False
EC124,52945,957,94,27534,28491,53.81244687883653,3.358955459618827,2016,79.29469020120578,70.35301808672914,1.5523729478708093,9,63773.0,57.891270600410834,1.45302232041695,74.26953880143606,82.37779618889809,8.0,-4.078823721574302,0.0993506274538591,-3.91652071470692,-16.978972292349425,56.22973020128737,-2.417283322450835,-0.1436512698191379,58.03492187022997,11.063085182267388,79.29469020120578,8.941672114476647,8.44773734292148,0.6755284375680977,0.0,2.640371903827983,82.37779618889809,-3.0831059876923064,4.976525821596244,3.9651462928804033,0.0,8.44773734292148,1.168185584092792,-0.4926571465246943,0.0,0.0,11.477492405412876,-8.837120501584893,107702.27272727272,29.381818181818183,8.9,26.818181818181817,8.736363636363636,18.1,5.390909090909091,71.86363636363636,54.263636363636365,90.7090909090909,Interpolated_2011_2022,2011,101035.0,30.7,8.4,25.0,10.1,14.1,4.8,61.5,41.4,87.3,Amahlathi,Amathole,False
EC126,38945,495,89,21786,22281,57.211452047759664,2.2216238050356805,2016,88.12540163407694,79.72551179656661,1.2746129427996873,4,42100.0,46.679334916864605,1.0964150646979889,92.19716832721552,95.43786051389615,3.0,10.53211713089506,0.1781978781016986,-12.471656530648914,-7.494061757719717,56.22973020128737,0.981721846472297,-11.355586953365368,58.03492187022997,10.647803019670473,88.12540163407694,2.9284861837877534,8.399889837510328,0.0,0.0,0.5462223446249794,95.43786051389615,-7.312458879819218,3.24069218668065,-0.3122060028928968,0.0,8.399889837510328,0.0,0.0,0.0,0.0,1.321447299423184,-0.7752249547982046,66184.72727272728,28.11818181818182,12.61818181818182,29.272727272727277,11.672727272727274,18.272727272727277,4.381818181818182,79.69090909090909,34.68181818181818,94.1818181818182,Interpolated_2011_2022,2011,64422.0,29.8,11.8,27.0,14.4,14.5,3.7,71.6,21.5,91.5,Ngqushwa,Amathole,False
EC129,82963,1314,145,44191,45505,54.84975229921773,2.887594769805516,2016,80.84225294743274,70.62071462514993,1.4970589827689087,7,80463.0,56.91932938120627,1.4440491844228207,74.96522948539638,82.63070293440343,8.0,-2.069577081988541,0.0530097983460879,-4.3445148602464485,3.107018132557826,56.22973020128737,-1.3799779020696405,-1.1155924890237046,58.03492187022997,11.295552730416444,80.84225294743274,10.221538322282818,6.134733316738703,1.0273585119141906,0.0,1.774116901631558,82.63070293440343,-1.78844998697069,7.665473449007045,2.5560648732757727,0.0,6.134733316738703,0.4674069176223808,0.5599515942918099,0.0,0.0,9.236416698967131,-7.462299797335573,163749.45454545456,27.59090909090909,9.463636363636365,27.818181818181817,5.963636363636363,20.8,7.663636363636363,80.41818181818181,58.345454545454544,92.81818181818184,Interpolated_2011_2022,2011,151379.0,29.0,9.1,26.0,7.1,16.8,6.8,73.6,49.3,89.0,Raymond Mhlaba,Amathole,False
EC131,30907,303,35,17304,17607,56.96767722522406,1.7209064576588855,2016,58.40268146093389,19.52149791955617,2.028398790067236,3,30238.0,59.54758912626497,1.895127142011019,31.61279307989984,64.66537673571591,4.0,-2.5799119010409086,0.1332716480562163,-12.091295160343662,2.212447913221771,56.22973020128737,0.737947023936691,1.5126672560349945,58.03492187022997,10.316854690540147,58.40268146093389,38.88118354137772,2.716134997688396,0.0,0.0,0.0,64.66537673571591,-6.262695274782018,33.05258365581607,5.828599885561651,0.0,2.716134997688396,1.1780104712041886,-1.1780104712041886,0.0,0.0,1.1040291372638222,-1.1040291372638222,71022.72727272728,28.19090909090909,6.881818181818182,27.363636363636363,8.972727272727273,24.154545454545453,8.145454545454545,97.8181818181818,96.2090909090909,96.73636363636363,Interpolated_2011_2022,2011,65560.0,29.1,6.2,26.0,10.7,20.2,8.6,97.0,95.8,95.6,Inxuba Yethemba,Chris Hani,False
EC135,77938,914,178,44196,45110,57.87933998819575,2.026158279760585,2016,81.8241469816273,75.28509367363561,1.4759909462797536,9,72149.0,60.43742810018157,1.2751536246969,83.79422718808193,88.35195530726257,7.0,-2.5580881119858248,0.2008373215828536,-8.509133514446319,8.023673231784233,56.22973020128737,1.6496097869083854,2.402506229951598,58.03492187022997,11.186488704092106,81.8241469816273,2.323739704950674,6.539053307991673,5.274232962259028,0.0,4.038827043171324,88.35195530726257,-6.527808325635277,1.0358472998137802,1.2878924051368938,0.0,6.539053307991673,3.4124767225325883,1.8617562397264393,0.0,0.0,7.199720670391059,-3.1608936272197354,140437.54545454544,34.10909090909091,11.190909090909091,24.18181818181818,12.254545454545456,12.827272727272728,5.045454545454545,47.2,21.42727272727273,78.64545454545454,Interpolated_2011_2022,2011,150718.0,36.2,10.1,21.0,13.8,10.1,5.0,33.7,9.2,64.1,Intsika Yethu,Chris Hani,False
EC136,61471,830,160,35831,36661,59.63950480714483,2.2639862524208287,2016,82.1886076302643,70.97206329714493,1.450603032080349,7,58105.0,62.09620514585664,1.322403038470546,82.01159420289855,86.71304347826087,6.0,-2.456700338711805,0.128199993609803,-11.039530905753622,5.7929610188451885,56.22973020128737,3.4097746058574643,4.061283275626671,58.03492187022997,10.970006997656974,82.1886076302643,11.216544333119366,2.743434456197148,2.0457146046719323,0.0,1.805698975747248,86.71304347826087,-4.524435847996571,4.701449275362319,6.515095057757047,0.0,2.743434456197148,2.582608695652174,-0.5368940909802418,0.0,0.0,6.0028985507246375,-4.19719957497739,124446.63636363635,33.054545454545455,10.763636363636364,24.18181818181818,15.709090909090907,14.090909090909092,3.981818181818182,68.34545454545454,43.06363636363636,86.28181818181818,Interpolated_2011_2022,2011,120758.0,35.1,9.9,21.0,18.8,11.0,3.8,55.8,29.2,78.6,Emalahleni,Chris Hani,False
EC137,73494,888,140,36613,37501,51.02593408985768,2.3679368550171995,2016,83.28189440908967,77.12561112173272,1.428625527078128,9,69485.0,54.89530114413183,1.3126760691255623,80.33249853466191,86.97714072574199,9.0,-3.86936705427415,0.1159494579525657,-3.2068874129291918,5.76959055911348,56.22973020128737,-5.203796111429689,-3.139620726098144,58.03492187022997,11.148866180920683,83.28189440908967,1.7644006227296316,4.219812634856472,6.15628328735695,0.0,4.5776090459672645,86.97714072574199,-3.695246316652316,0.706026535940747,1.0583740867888847,0.0,4.219812634856472,6.644642191080087,-0.48835890372313706,0.0,0.0,5.672190547237179,-1.0945815012699143,145188.45454545456,36.90909090909091,8.327272727272726,21.727272727272727,16.745454545454546,13.1,5.1,47.245454545454535,19.263636363636365,69.9,Interpolated_2011_2022,2011,155513.0,39.5,7.6,19.0,19.7,9.6,5.1,30.7,7.4,50.9,Engcobo,Chris Hani,False
EC138,30632,647,61,16236,16883,55.11556542178114,3.832257300242848,2016,81.83665927568367,74.74131559497414,1.4747727072924697,8,29165.0,57.56557517572433,1.456478851233799,74.34856381044722,82.30517513028724,7.0,-2.450009753943185,0.0182938560586707,0.3927517845269221,5.030001714383681,56.22973020128737,-1.1141647795062255,-0.4693466945056457,58.03492187022997,10.280724639187738,81.83665927568367,7.095343680709535,4.619364375461936,2.765459472776546,0.0,3.683173195368312,82.30517513028724,-0.4685158546035666,3.854078293540177,3.2412653871693577,0.0,4.619364375461936,2.62998424433402,0.1354752284425258,0.0,0.0,11.210762331838552,-7.52758913647024,63529.90909090909,32.90909090909091,7.99090909090909,23.727272727272727,10.472727272727273,17.79090909090909,6.572727272727273,73.0,56.99090909090909,87.14545454545454,Interpolated_2011_2022,2011,63154.0,35.0,7.4,21.0,12.7,14.2,6.3,64.5,45.4,79.1,Sakhisizwe,Chris Hani,False
EC139,123599,1003,174,65450,66453,53.76499809869012,1.509337426451778,2016,73.33384262796028,60.02597402597403,1.7781731483388885,9,116515.0,56.85705703128352,1.5006158853657483,70.45684656214524,80.71518424201516,8.0,-3.092058932593403,0.2775572629731402,-10.430872536171217,6.07990387503754,56.22973020128737,-2.464732102597246,-1.177864838946455,58.03492187022997,11.665775299064439,73.33384262796028,13.307868601986248,7.856378915202445,1.4576012223071046,0.0,4.044308632543931,80.71518424201516,-7.381341614054875,10.25833767986991,3.049530922116338,0.0,7.856378915202445,1.6445248979842295,-0.18692367567712487,0.0,0.0,7.381953180130708,-3.337644547586777,271811.9090909091,29.454545454545457,7.790909090909091,25.818181818181817,8.336363636363636,24.49090909090909,10.30909090909091,91.47272727272728,76.63636363636364,92.24545454545456,Interpolated_2011_2022,2011,250776.0,31.0,7.2,24.0,9.7,20.4,9.9,87.7,71.5,88.7,Enoch Mgijima,Chris Hani,False
EC141,63893,1072,158,33744,34816,54.49110231167734,3.079044117647059,2016,84.08902323376007,78.85253674727359,1.4019426624082236,7,58401.0,55.908289241622576,1.5321761491328474,72.88394276629572,80.06677265500795,6.0,-1.4171869299452382,-0.1302334867246237,5.968593980977872,9.403948562524622,56.22973020128737,-1.7386278896100293,-2.126632628607396,58.03492187022997,10.975088291957388,84.08902323376007,5.236486486486487,4.12814129919393,2.1307491702228543,0.0,4.4155998103366585,80.06677265500795,4.022250578752121,6.4260731319554845,-1.1895866454689976,0.0,4.12814129919393,4.65818759936407,-2.527438429141216,0.0,0.0,8.848966613672488,-4.433366803335829,139189.0909090909,33.3,8.709090909090909,23.272727272727277,12.772727272727272,15.445454545454544,5.327272727272727,52.88181818181818,33.881818181818176,66.54545454545455,Interpolated_2011_2022,2011,137045.0,35.3,8.3,21.0,16.0,11.9,5.1,33.2,17.7,46.5,Elundini,Joe Gqabi,False
EC142,64675,751,95,36610,37361,57.76729802860456,2.010117502208185,2016,68.33925157060912,45.07238459437312,1.9087479898570616,6,62646.0,59.33658972639913,1.3071069488985192,80.70993580951337,87.07960717616723,5.0,-1.5692916977945686,0.6016410409585424,-35.63755121514025,3.238834083580766,56.22973020128737,1.53756782731719,1.3016678561691606,58.03492187022997,11.045255111518165,68.33925157060912,4.149139579349904,3.0811253755804424,0.7402349084949468,0.0,23.69024856596559,87.07960717616723,-18.740355605558108,6.369671366653865,-2.220531787303961,0.0,3.0811253755804424,1.2508915345366765,-0.5106566260417297,0.0,0.0,5.299829922642232,18.390418643323358,140024.0909090909,32.68181818181818,8.381818181818181,23.818181818181817,12.772727272727272,17.436363636363637,5.709090909090909,78.51818181818182,52.19090909090909,87.91818181818181,Interpolated_2011_2022,2011,134150.0,34.0,7.7,22.0,14.5,13.3,5.3,70.2,41.1,81.1,Senqu,Joe Gqabi,False
EC145,36607,359,44,20638,20997,57.35788237222389,1.70976806210411,2016,66.89117162515748,44.45682721193915,1.9861205891559173,4,35250.0,61.9177304964539,1.877851041048495,48.91543687046147,69.56664324197705,5.0,-4.559848124230008,0.1082695481074222,-4.45860965852232,3.8496453900709326,56.22973020128737,1.1281521709365236,3.8828086262239268,58.03492187022997,10.470220808240414,66.89117162515748,22.434344413218334,5.683690280065898,0.0,0.0,4.990793681558287,69.56664324197705,-2.6754716168195642,20.651206371515578,1.783138041702756,0.0,5.683690280065898,1.5413445771843524,-1.5413445771843524,0.0,0.0,8.240805809323021,-3.250012127764734,89629.72727272726,30.372727272727275,6.5,25.363636363636363,10.745454545454546,23.327272727272728,8.881818181818181,92.10909090909092,90.16363636363636,90.5,Interpolated_2011_2022,2011,77477.0,32.1,6.0,24.0,12.7,19.6,8.7,90.2,86.8,87.0,Walter Sisulu,Joe Gqabi,False
EC153,136794,2058,216,69271,71329,52.14336886120736,2.885221999467257,2016,83.44040074490046,77.5605953429285,1.4238143194763058,10,121851.0,53.19939926631706,1.2451065238653354,83.00059735278397,89.36083252114314,6.0,-1.056030405109695,0.1787077956109704,-5.440002009855476,12.263338011177582,56.22973020128737,-4.0863613400800105,-4.8355226039129136,58.03492187022997,11.71055426583133,83.44040074490046,3.3852550129202696,5.879805401971965,2.295332823259373,0.0,4.999206016947937,89.36083252114314,-5.92043177624268,1.6097085547206589,1.7755464581996108,0.0,5.879805401971965,1.5201056371239037,0.7752271861354691,0.0,0.0,7.509353287012303,-2.5101472700643654,313068.2727272727,40.53636363636363,5.4,18.363636363636363,17.20909090909091,16.10909090909091,6.109090909090909,56.90909090909091,14.127272727272729,76.61818181818182,Interpolated_2011_2022,2011,278481.0,42.4,5.4,17.0,20.8,12.7,5.2,40.5,8.4,62.8,Ngquza Hill,O.R. Tambo,False
EC154,75867,982,113,41476,42458,55.96372599417401,2.312873898911866,2016,79.66534863535539,73.42559552512296,1.5512475158250896,8,68019.0,56.56948793719402,1.2893940857896815,83.65814161268707,87.8127094036185,5.0,-0.6057619430200063,0.2618534300354078,-10.232546087564115,11.537952630882554,56.22973020128737,-0.2660042071133546,-1.4654339330359534,58.03492187022997,11.127542356894752,79.66534863535539,5.641816954383258,2.854662937602469,4.525508727939049,0.0,7.31266274471983,87.8127094036185,-8.147360768263113,4.154567790931427,1.487249163451831,0.0,2.854662937602469,3.908867545231181,0.6166411827078679,0.0,0.0,4.123855260218903,3.188807484500927,166676.45454545456,39.90909090909091,5.6909090909090905,22.09090909090909,19.545454545454547,15.727272727272728,4.490909090909091,43.41818181818182,15.136363636363637,78.75454545454545,Interpolated_2011_2022,2011,156136.0,42.5,5.6,23.0,23.5,12.0,3.9,24.6,7.5,67.8,Port St Johns,O.R. Tambo,False
EC155,134892,1644,212,66705,68349,50.66942442843163,2.405302199008032,2016,84.8257252080054,78.96259650700847,1.3765622401784638,6,118639.0,53.90975985974258,1.3388466174996954,79.22018056968464,86.043997965412,6.0,-3.240335431310946,0.0377156226787684,-0.2575840626761732,13.699542309021483,56.22973020128737,-5.560305772855735,-4.125162010487394,58.03492187022997,11.683840547915873,84.8257252080054,4.1481148339704665,4.115133798066112,5.863128700996927,0.0,1.0478974589611028,86.043997965412,-1.2182727574066092,2.9422049847405902,1.2059098492298763,0.0,4.115133798066112,6.823817395727366,-0.9606886947304387,0.0,0.0,4.189979654120052,-3.142082195158949,296965.45454545453,38.82727272727273,5.672727272727273,19.363636363636363,15.7,17.927272727272726,5.054545454545455,51.66363636363636,17.945454545454545,81.0,Interpolated_2011_2022,2011,290390.0,40.6,5.4,18.0,18.2,15.2,4.1,33.8,6.4,71.0,Nyandeni,O.R. Tambo,False
EC156,96967,1245,195,50251,51496,53.10672703084555,2.417663507845269,2016,79.54866569819507,72.35477900937295,1.552854243726171,6,90368.0,56.31196883852692,1.200089032043854,85.35290569072994,91.06575507741806,4.0,-3.205241807681368,0.352765211682317,-12.998126681356991,7.302363668555234,56.22973020128737,-3.1230031704418195,-1.7229530317030495,58.03492187022997,11.41164550141286,79.54866569819507,3.227796461761955,3.128295954309367,6.278482020258303,0.0,7.816759865475305,91.06575507741806,-11.517089379222995,0.0,3.227796461761955,0.0,3.128295954309367,5.712849386688116,0.5656326335701873,0.0,0.0,3.2213955358938198,4.595364329581486,188765.9090909091,36.027272727272724,7.654545454545454,21.272727272727277,13.2,15.49090909090909,5.072727272727273,51.48181818181818,25.045454545454547,82.9909090909091,Interpolated_2011_2022,2011,190745.0,38.3,7.2,19.0,14.7,12.4,4.8,34.3,13.0,72.4,Mhlontlo,O.R. Tambo,False
EC157,211426,1965,351,93415,95380,45.112710830266856,2.0601803313063534,2016,63.31317240271905,41.29208371246588,2.1961325725577794,8,194640.0,47.79798602548294,1.996976155176456,41.05100902988828,66.0428099787918,10.0,-2.685275195216086,0.1991564173813236,0.2410746825775973,8.624126592683922,56.22973020128737,-11.117019371020511,-10.23693584474703,58.03492187022997,12.178906977457403,63.31317240271905,4.45859872611465,4.452175774768506,22.021088690253173,0.0,5.754964406144637,66.0428099787918,-2.729637576072747,2.8871591927760893,1.5714395333385602,0.0,4.452175774768506,24.991800948903517,-2.9707122586503445,0.0,0.0,6.0782298795285925,-0.3232654733839553,462228.3636363637,33.54545454545455,5.463636363636364,22.272727272727277,12.272727272727272,22.05454545454545,11.409090909090908,71.29090909090908,51.581818181818186,83.2090909090909,Interpolated_2011_2022,2011,450287.0,35.0,5.1,20.0,14.0,19.1,10.5,60.2,38.4,73.3,King Sabata Dalindyebo,O.R. Tambo,False
EC441,97535,1837,172,55997,57834,59.29563746347465,3.176332261299581,2016,74.43970212689966,66.36426951443828,1.7513787683324331,7,89856.0,59.93255876068376,1.740131154137605,60.22774123883381,74.18474526357122,5.0,-0.6369212972091134,0.0112476141948281,6.136528275604469,8.545895655270662,56.22973020128737,3.065907262187281,1.8976368904537892,58.03492187022997,11.405963667945429,74.43970212689966,8.075432612461382,6.803935925138847,2.7430040895047947,0.0,7.937925245995316,74.18474526357122,0.25495686332844514,4.870913909885148,3.204518702576234,0.0,6.803935925138847,3.0568371453813685,-0.31383305587657384,0.0,0.0,17.887503681162272,-9.949578435166956,213715.27272727276,36.21818181818182,7.4,20.818181818181817,7.218181818181819,17.036363636363635,6.372727272727272,61.56363636363636,39.32727272727273,62.9,Interpolated_2011_2022,2011,203843.0,38.4,6.9,19.0,9.4,12.9,5.6,49.7,27.6,44.9,Matatiele,Alfred Nzo,False
EC442,103439,1692,206,54434,56126,54.259998646545306,3.0146456187863024,2016,76.72961751846273,69.23613917771982,1.6583874387305344,5,92039.0,54.82132574234835,1.4155396532126956,78.13738025866226,83.64810195568785,6.0,-0.5613270958030441,0.2428477855178388,-8.901241080942441,12.3860537380893,56.22973020128737,-1.9697315547420615,-3.2135961278816225,58.03492187022997,11.429967679248906,76.72961751846273,6.7347613623838045,4.776426498144542,7.493478340742918,0.0,4.265716280265991,83.64810195568785,-6.918484437225118,3.085501079506152,3.6492602828776524,0.0,4.776426498144542,4.663885802922003,2.829592537820915,0.0,0.0,8.602511161883996,-4.336794881618005,202094.0909090909,35.981818181818184,7.063636363636364,20.818181818181817,6.272727272727273,18.21818181818182,7.163636363636363,53.97272727272727,30.154545454545456,65.51818181818183,Interpolated_2011_2022,2011,191775.0,38.3,6.7,19.0,8.0,13.9,6.3,37.7,17.2,45.2,Umzimvubu,Alfred Nzo,False
EC443,131835,1907,260,72606,74513,56.51989228960443,2.5592849569873715,2016,80.3170536870231,73.92777456408561,1.5315538063424614,9,116717.0,56.51447518356366,1.3444651090519748,82.30783944910256,86.03149807122135,9.0,0.0054171060407668,0.1870886972904866,-8.38006488501695,12.95269755048536,56.22973020128737,0.2901620883170608,-1.520446686666311,58.03492187022997,11.667507480330368,80.3170536870231,3.490069691210093,6.389279122937499,1.5398176459245791,0.0,8.263779852904719,86.03149807122135,-5.714444384198245,2.277871648547837,1.2121980426622558,0.0,6.389279122937499,1.0026460930277044,0.5371715528968748,0.0,0.0,10.6879841872031,-2.4242043342983806,312857.2727272727,41.47272727272728,5.2,18.363636363636363,15.854545454545454,17.554545454545455,6.2727272727272725,55.83636363636364,18.03636363636364,75.13636363636364,Interpolated_2011_2022,2011,281905.0,44.2,5.2,17.0,19.4,13.1,5.0,43.7,6.9,60.0,Winnie Madikizela-Mandela,Alfred Nzo,False
EC444,64137,880,136,33430,34310,53.49486255983286,2.5648498979889247,2016,83.87077475321567,78.55219862399042,1.407001900484162,6,59966.0,53.962245272320985,1.2830357876785337,81.53068683850873,87.98906652258208,6.0,-0.4673827124881242,0.1239661128056284,-2.978488214518308,6.9556081779675205,56.22973020128737,-2.734867641454507,-4.072676597908988,58.03492187022997,11.001533013921335,83.87077475321567,5.18994914747233,5.318576129225247,1.169608136404427,0.0,4.451091833682327,87.98906652258208,-4.118291769366408,2.129485427327337,3.060463720144993,0.0,5.318576129225247,2.21530051171217,-1.045692375307743,0.0,0.0,7.666147538378411,-3.215055704696084,134094.63636363635,39.63636363636363,6.390909090909091,18.90909090909091,15.536363636363635,13.48181818181818,4.4818181818181815,39.018181818181816,17.454545454545453,56.3,Interpolated_2011_2022,2011,123821.0,41.5,6.3,18.0,17.9,9.8,3.8,24.7,8.0,23.3,Ntabankulu,Alfred Nzo,False
NMA,609217,6569,254,380489,387058,63.53368340016775,1.6971616656935136,2016,46.663898299293805,5.159413281330082,2.5426224940360016,19,569470.0,64.68224840641298,2.2925294829474043,11.89117058343836,52.13219001490927,13.0,-1.148565006245228,0.2500930110885973,-6.731757302108278,6.9796477426378845,56.22973020128737,7.303953198880386,6.647326536183009,58.03492187022997,13.252461382694317,41.50448501796373,46.663898299293805,5.028266257368807,1.8315904007737407,0.0,4.9717600245999165,52.13219001490927,-10.627704996945539,40.24101943147091,6.422878867822895,0.0,5.028266257368807,0.5395342707226465,1.2920561300510942,0.0,0.0,7.087256282897187,-2.11549625829727,1169560.9090909092,24.045454545454547,7.272727272727273,29.818181818181817,2.772727272727273,33.67272727272727,12.145454545454546,89.38181818181819,91.94545454545457,93.22727272727272,Interpolated_2011_2022,2011,1152115.0,25.5,6.0,28.0,3.0,30.9,11.6,87.2,90.4,90.5,Nelson Mandela Bay,Nelson Mandela Bay (metro),True
BUF,406486,3571,351,180265,183836,45.22566582858942,1.9424922213277047,2021,60.510914487005245,41.0179458020137,2.381045382633146,26,419044.0,55.74951556399805,2.36949859666239,36.41272851799168,59.864250215127406,12.0,-10.523849735408632,0.011546785970756,4.605217284022025,-2.9968213361842637,48.02586402972495,-2.8001982011355295,-0.4802146372893148,56.22973020128737,12.945731205324082,60.510914487005245,19.492968684991546,12.371231242892408,1.1039303247996006,0.8892463872631958,5.631708873047998,59.864250215127406,0.6466642718778388,23.45152169713573,-3.9585530121441828,8.206891101627944,4.164340141264464,1.2925205907662047,-0.1885902659666041,0.0,0.8892463872631958,7.184816395342722,-1.5531075222947237,957673.0,24.954545454545457,7.6454545454545455,29.727272727272727,4.1909090909090905,33.00909090909091,14.836363636363636,84.35454545454544,82.37272727272727,93.37272727272726,Interpolated_2011_2022,2011,781853.0,26.5,6.1,27.0,5.1,27.1,13.2,71.9,69.1,81.1,Buffalo City,Buffalo City (metro),True
EC101,39913,272,46,18433,18705,46.86443013554481,1.454156642608928,2021,46.628329626213855,6.862691911246131,2.632657394854922,8,40887.0,61.31044097145792,2.100601035380937,4.617750617184022,51.0218948561253,4.0,-14.446010835913114,0.5320563594739856,2.2449412940621087,-2.3821752635311944,48.02586402972495,-1.161433894180142,5.080710770170555,56.22973020128737,10.618567443095623,46.628329626213855,39.76563771496773,4.123040199641946,0.0,0.1464764281451744,9.336516031031294,51.0218948561253,-4.393565229911445,46.40414423894128,-6.638506523973547,1.857622728560444,2.265417471081502,0.0,0.0,0.0,0.1464764281451744,0.7163381763729717,8.620177854658323,99027.45454545454,28.472727272727276,7.981818181818181,27.818181818181817,4.663636363636364,26.58181818181818,7.963636363636364,97.02727272727272,97.99090909090908,96.82727272727271,Interpolated_2011_2022,2011,79292.0,30.2,6.8,26.0,9.3,18.4,7.6,95.3,96.9,92.1,Dr Beyers Naude,Sarah Baartman,False
EC102,17867,118,29,9310,9428,52.7676722449208,1.2515910055154855,2021,56.4983888292159,19.441460794844254,2.172259835820092,4,18372.0,59.83017635532332,1.990962336214956,20.816439366015487,59.40840398083303,3.0,-7.062504110402514,0.1812974996051355,-1.3749785711712337,-2.748748094927067,48.02586402972495,4.741808215195853,3.60044615403595,56.22973020128737,9.818583045445685,56.4983888292159,37.05692803437165,6.176154672395274,0.0,0.2685284640171858,1.4210854715202004e-14,59.40840398083303,-2.910015151617131,38.59196461481754,-1.5350365804458903,1.9996314043494288,4.1765232680458455,0.0,0.0,0.0,0.2685284640171858,0.0,1.4210854715202004e-14,48621.09090909091,25.381818181818183,9.0,30.63636363636364,8.045454545454545,26.454545454545453,7.554545454545455,97.08181818181818,87.76363636363637,91.71818181818182,Interpolated_2011_2022,2011,36002.0,29.2,7.0,27.0,10.5,19.0,6.1,95.9,91.4,86.9,Blue Crane Route,Sarah Baartman,False
EC104,43664,732,39,18011,18743,42.92552216929278,3.905458037667396,2021,51.818333240797294,32.96318916217867,2.945774186909155,9,46398.0,52.58631837579206,2.0549314283657005,33.104138017252154,62.83285410676334,5.0,-9.660796206499278,0.8908427585434544,-0.1409488550734821,-5.892495366179573,48.02586402972495,-5.100341860432167,-3.6434118254953063,56.22973020128737,10.745011633837091,51.818333240797294,17.66698128921215,5.82977069568597,0.0,0.8272722225306757,23.857642551773907,62.83285410676334,-11.014520865966048,29.728716089511188,-12.061734800299039,5.759053214985206,0.07071748070076378,0.8126015751968996,-0.8126015751968996,0.0,0.8272722225306757,0.8667750135433749,22.990867538230532,96230.90909090907,22.127272727272725,8.018181818181818,30.545454545454547,4.027272727272727,29.0,16.154545454545456,89.21818181818182,89.2909090909091,94.6818181818182,Interpolated_2011_2022,2011,80390.0,24.4,6.2,26.0,6.3,23.0,11.7,85.4,85.2,89.5,Makana,Sarah Baartman,False
EC105,33201,275,29,18163,18438,55.53447185325743,1.4914849766785985,2021,52.551891207399656,22.2650443208721,2.5625097333668228,5,34455.0,65.23291249455812,2.058080890517404,31.39043681466834,62.331475822397984,5.0,-9.698440641300692,0.504428842849419,-9.12539249379624,-3.639529821506315,48.02586402972495,7.508607823532479,9.003182293270754,56.22973020128737,10.447409403791308,52.551891207399656,30.28684688652756,14.799317293398667,0.0,0.28079061828993,2.081153994384181,62.331475822397984,-9.779584614998328,30.941039007729643,-0.6541921212020831,2.7008808197016,12.098436473697067,2.6963868416322128,-2.6963868416322128,0.0,0.28079061828993,1.330217508538567,0.7509364858456138,85376.90909090909,21.654545454545456,14.627272727272729,34.09090909090909,6.609090909090909,27.49090909090909,14.145454545454545,90.23636363636363,90.0,92.75454545454546,Interpolated_2011_2022,2011,61176.0,25.2,9.9,25.0,9.7,20.4,9.6,83.6,86.0,86.3,Ndlambe,Sarah Baartman,False
EC106,25034,239,37,11371,11610,46.37692737876488,2.0585701981050817,2021,63.8290387828687,42.09832028845308,2.1686290913594988,7,25839.0,57.68799102132436,1.796554455421583,49.392107586769,71.16756095904367,5.0,-11.311063642559477,0.3720746359379154,-7.293787298315919,-3.115445644181281,48.02586402972495,-1.6489366509600671,1.4582608200369904,56.22973020128737,10.159640257457283,63.8290387828687,21.73071849441562,5.689912936417202,0.0,0.7475156098847947,8.002814176413679,71.16756095904367,-7.338522176174969,21.775453372274672,-0.04473487785905306,4.937852339876384,0.7520605965408178,0.5161991441961556,-0.5161991441961556,0.0,0.7475156098847947,1.6029341846091256,6.3998799918045535,53369.454545454544,24.33636363636364,5.563636363636364,28.818181818181817,5.709090909090909,20.027272727272727,3.3363636363636364,87.5090909090909,83.14545454545454,93.07272727272728,Interpolated_2011_2022,2011,54504.0,26.7,5.2,27.0,8.8,15.3,3.7,84.6,72.6,79.8,Sundays River Valley,Sarah Baartman,False
EC108,60572,513,40,34022,34535,57.01479231328006,1.4854495439409294,2021,53.8857210040562,16.324731056375292,2.308164889993804,10,58145.0,66.11230544328834,2.0531616969420714,16.159114857744996,56.7518440463646,7.0,-9.097513130008274,0.2550031930517322,0.1656161986302962,4.174047639521894,48.02586402972495,8.988928283555111,9.882575242000968,56.22973020128737,10.970695169727144,37.56098994768091,53.8857210040562,1.884075010287461,0.814179060607842,0.1058138851331491,5.749221092234436,40.5927291886196,-3.031739240938691,56.7518440463646,-2.866123042308402,1.1354056902002108,0.7486693200872503,0.1896733403582718,0.6245057202495702,0.0,0.1058138851331491,1.3303477344573196,4.418873357777116,106245.27272727272,21.8,14.172727272727272,34.36363636363636,4.536363636363636,33.60909090909091,15.481818181818184,83.91818181818182,87.67272727272727,95.9909090909091,Interpolated_2011_2022,2011,98558.0,26.8,7.9,28.0,4.9,24.7,9.3,76.1,82.4,86.9,Kouga,Sarah Baartman,False
EC109,20645,274,25,10256,10530,51.0050859772342,2.602089268755936,2021,48.332683307332296,18.769500780031205,2.972403989876385,8,20413.0,59.31514231127223,2.153825691862614,7.174095878889823,51.58957106812447,4.0,-8.31005633403803,0.8185782980137706,11.595404901141382,1.1365306422377983,48.02586402972495,2.9792219475092523,3.0854121099848655,56.22973020128737,9.923927231773584,48.332683307332296,29.56318252730109,2.8568642745709827,0.0,0.8677847113884556,18.379485179407183,51.58957106812447,-3.256887760792175,44.41547518923465,-14.852292661933557,2.590412111017662,0.2664521635533208,0.0,0.0,0.0,0.8677847113884556,1.404541631623232,16.97494354778395,36866.63636363637,27.245454545454542,5.772727272727273,28.727272727272727,3.481818181818181,25.618181818181817,4.7,93.78181818181818,94.69090909090907,96.73636363636363,Interpolated_2011_2022,2011,40663.0,29.7,4.5,26.0,5.3,17.8,3.7,90.6,89.6,87.1,Kou-Kamma,Sarah Baartman,False
EC121,122433,1813,312,54517,56330,46.00883748662534,3.2185336410438485,2021,71.58867876075352,58.07362840948694,1.866689340291959,13,129921.0,53.28622778457678,1.669877655786998,60.47298313137084,75.72841807739724,8.0,-7.277390297951442,0.1968116845049612,-2.3993547218838955,-5.76350243609578,48.02586402972495,-2.017026543099611,-2.9435024167105865,56.22973020128737,11.774681852410218,71.58867876075352,1.4142377606984975,6.210906689656437,13.515050351266575,2.175468202579012,5.095658235045946,75.72841807739724,-4.139739316643713,2.304777941486003,-0.8905401807875055,3.6097663649757945,2.601140324680643,15.2554349460264,-1.7403845947598242,0.0,2.175468202579012,3.101602670114559,1.9940555649313865,241988.18181818185,33.81818181818182,9.472727272727273,23.545454545454547,16.490909090909092,15.927272727272726,5.536363636363636,65.69090909090909,29.318181818181817,86.71818181818182,Interpolated_2011_2022,2011,261670.0,38.0,8.2,19.0,21.4,10.2,4.9,30.6,7.5,48.9,Mbhashe,Amathole,False
EC122,121099,988,290,50239,51227,42.301753111090925,1.9286704277041404,2021,70.57863412886402,62.92521746053862,1.950993888844556,15,126195.0,51.1882404215698,1.7771182098811282,66.625907163615,74.15000555811405,10.0,-8.88648731047887,0.1738756789634279,-3.700689703076378,-4.0381948571655,48.02586402972495,-5.724110918634025,-5.0414897797175655,56.22973020128737,11.745583608653023,70.57863412886402,1.9466947988614425,7.653416668325405,7.593702103943151,2.2950297577579173,9.932522542248066,74.15000555811405,-3.5713714292500214,4.654523510822442,-2.7078287119609996,5.054707722602468,2.5987089457229366,7.524098394499055,0.06960370944409622,0.0,2.2950297577579173,8.61666481396199,1.3158577282860762,234141.7272727273,30.29090909090909,10.627272727272729,27.363636363636363,7.909090909090908,19.972727272727276,8.554545454545455,76.28181818181818,37.46363636363636,91.93636363636364,Interpolated_2011_2022,2011,245629.0,34.2,8.9,21.0,11.0,13.7,8.1,49.1,18.1,62.3,Mnquma,Amathole,False
EC123,17935,168,44,9677,9845,54.892667967661,1.7064499746063992,2021,67.35558540870105,48.68244290585926,1.9986702968615988,6,17685.0,59.29884082555839,1.672961162804812,54.680913635918046,74.54171159690226,4.0,-4.406172857897388,0.3257091340567868,-5.998470730058784,1.4136273678258426,48.02586402972495,6.866803937936048,3.069110624271026,56.22973020128737,9.780472101639582,67.35558540870105,18.673142502841788,10.654128345561642,0.9403740828769248,0.6200268678309393,1.7567427921876515,74.54171159690226,-7.186126188201214,19.86079796098422,-1.1876554581424301,5.126948338398196,5.527180007163445,0.0,0.9403740828769248,0.0,0.6200268678309393,0.4705421037153314,1.28620068847232,35521.09090909091,25.21818181818182,12.054545454545456,32.45454545454545,11.363636363636363,24.327272727272728,8.299999999999999,83.95454545454545,50.45454545454545,89.02727272727272,Interpolated_2011_2022,2011,30832.0,28.4,9.6,27.0,19.0,15.6,5.3,68.5,51.0,78.3,Great Kei,Amathole,False
EC124,49510,691,98,22680,23371,47.20460513027671,2.9566556843951908,2021,75.99647266313933,66.01410934744268,1.6845841839262603,12,52945.0,53.81244687883653,1.5523729478708093,70.35301808672914,79.29469020120578,9.0,-6.607841748559821,0.1322112360554512,-4.3389087392864525,-6.487864765322504,48.02586402972495,-0.8212588994482388,-2.417283322450835,56.22973020128737,10.877008917864554,75.99647266313933,9.982363315696649,7.319223985890653,0.0,1.0405643738977073,5.661375661375658,79.29469020120578,-3.298217538066453,8.941672114476647,1.0406912012200014,8.44773734292148,-1.128513357030827,0.6755284375680977,-0.6755284375680977,0.0,1.0405643738977073,2.640371903827983,3.0210037575476747,114369.54545454546,28.063636363636363,9.4,28.63636363636364,7.372727272727273,22.1,5.9818181818181815,82.22727272727272,67.12727272727273,94.1181818181818,Interpolated_2011_2022,2011,101035.0,30.7,8.4,25.0,10.1,14.1,4.8,61.5,41.4,87.3,Amahlathi,Amathole,False
EC126,35846,889,90,17913,18802,52.45215644702338,4.728220402084885,2021,81.28733322168257,68.75453581198012,1.4752134308801492,5,38945.0,57.211452047759664,1.2746129427996873,79.72551179656661,88.12540163407694,4.0,-4.759295600736287,0.2006004880804619,-10.970975984586488,-7.957375786365384,48.02586402972495,4.426292417298427,0.981721846472297,56.22973020128737,10.569905673354048,81.28733322168257,2.886172053815665,12.53279740970245,0.0,1.9818009267012784,1.3118963880980203,88.12540163407694,-6.838068412394364,2.9284861837877534,-0.04231412997208839,8.399889837510328,4.1329075721921225,0.0,0.0,0.0,1.9818009267012784,0.5462223446249794,0.7656740434730409,67947.45454545454,26.43636363636364,13.436363636363636,31.545454545454547,8.945454545454545,22.045454545454547,5.063636363636364,87.78181818181818,47.86363636363636,96.86363636363636,Interpolated_2011_2022,2011,64422.0,29.8,11.8,27.0,14.4,14.5,3.7,71.6,21.5,91.5,Ngqushwa,Amathole,False
EC129,78861,2167,149,35710,37877,48.03007823892672,5.721150038281807,2021,75.44105292635116,67.58330999719966,1.717201806138219,9,82963.0,54.84975229921773,1.4970589827689087,70.62071462514993,80.84225294743274,7.0,-6.819674060291007,0.2201428233693103,-3.0374046279502664,-4.9443727926907215,48.02586402972495,0.004214209201769847,-1.3799779020696405,56.22973020128737,11.326150004255366,75.44105292635116,7.149257910949314,7.857742929151498,0.0,1.7698123774852983,7.782133856062728,80.84225294743274,-5.4012000210815785,10.221538322282818,-3.0722804113335043,6.134733316738703,1.7230096124127954,1.0273585119141906,-1.0273585119141906,0.0,1.7698123774852983,1.774116901631558,6.00801695443117,176119.9090909091,26.18181818181818,9.827272727272728,29.63636363636364,4.827272727272727,24.8,8.527272727272727,87.23636363636363,67.39090909090909,96.63636363636364,Interpolated_2011_2022,2011,151379.0,29.0,9.1,26.0,7.1,16.8,6.8,73.6,49.3,89.0,Raymond Mhlaba,Amathole,False
EC131,29691,303,34,14291,14594,49.15294196894682,2.076195696861724,2021,53.63515499265272,14.134770135050026,2.2454907519221137,6,30907.0,56.96767722522406,2.028398790067236,19.52149791955617,58.40268146093389,3.0,-7.814735256277238,0.2170919618548783,-5.386727784506149,-3.934383796550944,48.02586402972495,1.12707793922187,0.737947023936691,56.22973020128737,10.338737974446985,53.63515499265272,39.50038485760269,2.784969561262333,0.0,0.2798964383178224,3.799594150164438,58.40268146093389,-4.767526468281169,38.88118354137772,0.6192013162249665,2.716134997688396,0.06883456357393669,0.0,0.0,0.0,0.2798964383178224,0.0,3.799594150164438,76485.45454545454,27.281818181818185,7.5636363636363635,28.727272727272727,7.245454545454546,28.10909090909091,7.69090909090909,98.63636363636364,96.61818181818182,97.87272727272726,Interpolated_2011_2022,2011,65560.0,29.1,6.2,26.0,10.7,20.2,8.6,97.0,95.8,95.6,Inxuba Yethemba,Chris Hani,False
EC135,75098,1256,177,34844,36100,48.07052118565075,3.479224376731302,2021,81.16174951211113,71.83733210882792,1.4932619455080418,7,77938.0,57.87933998819575,1.4759909462797536,75.28509367363561,81.8241469816273,9.0,-9.808818802544998,0.0172709992282882,-3.447761564807692,-3.643922091919216,48.02586402972495,0.044657155925797554,1.6496097869083854,56.22973020128737,11.263668917798766,81.16174951211113,1.937205831707037,9.324417403283205,3.4209620020663527,1.4033980025255424,2.7522672483067367,81.8241469816273,-0.662397469516165,2.323739704950674,-0.38653387324363697,6.539053307991673,2.7853640952915315,5.274232962259028,-1.853270960192675,0.0,1.4033980025255424,4.038827043171324,-1.286559794864587,130157.09090909093,32.01818181818182,12.28181818181818,27.363636363636363,10.709090909090907,15.554545454545456,5.090909090909091,60.7,33.654545454545456,93.19090909090907,Interpolated_2011_2022,2011,150718.0,36.2,10.1,21.0,13.8,10.1,5.0,33.7,9.2,64.1,Intsika Yethu,Chris Hani,False
EC136,59230,660,160,30577,31237,52.73847712307952,2.1128789576463807,2021,81.51878863197828,75.15452791313733,1.4862817593090762,7,61471.0,59.63950480714483,1.450603032080349,70.97206329714493,82.1886076302643,7.0,-6.901027684065312,0.0356787272287273,4.1824646159924015,-3.645621512583175,48.02586402972495,4.71261309335457,3.4097746058574643,56.22973020128737,11.02632079786699,81.51878863197828,6.364260718840959,5.343885927331001,2.508421362461981,1.3801223141577,2.8845210452300734,82.1886076302643,-0.6698189982860185,11.216544333119366,-4.852283614278407,2.743434456197148,2.6004514711338524,2.0457146046719323,0.4627067577900488,0.0,1.3801223141577,1.805698975747248,1.0788220694828254,128135.27272727272,31.00909090909091,11.627272727272729,27.363636363636363,12.618181818181816,17.181818181818183,4.163636363636364,80.89090909090909,56.92727272727273,93.96363636363635,Interpolated_2011_2022,2011,120758.0,35.1,9.9,21.0,18.8,11.0,3.8,55.8,29.2,78.6,Emalahleni,Chris Hani,False
EC137,70369,647,142,32221,32868,46.70806747289289,1.9684799805281727,2021,82.07380279941653,76.47496974023153,1.4692860343338567,11,73494.0,51.02593408985768,1.428625527078128,77.12561112173272,83.28189440908967,9.0,-4.3178666169647855,0.0406605072557286,-0.6506413815011882,-4.252047786213842,48.02586402972495,-1.3177965568320573,-5.203796111429689,56.22973020128737,11.20495904921574,82.07380279941653,1.3531547748362869,5.598833059185004,5.074330405636076,3.0445982433816456,2.855280717544474,83.28189440908967,-1.208091609673147,1.7644006227296316,-0.41124584789334473,4.219812634856472,1.379020424328532,6.15628328735695,-1.0819528817208743,0.0,3.0445982433816456,4.5776090459672645,-1.7223283284227904,134863.9090909091,34.31818181818181,9.054545454545456,24.454545454545453,13.79090909090909,16.6,5.1,63.79090909090908,31.127272727272725,88.9,Interpolated_2011_2022,2011,155513.0,39.5,7.6,19.0,19.7,9.6,5.1,30.7,7.4,50.9,Engcobo,Chris Hani,False
EC138,30028,391,61,14095,14486,48.24164113494072,2.6991578075383127,2021,73.06846399432423,64.28520752039731,1.8178892194083367,7,30632.0,55.11556542178114,1.4747727072924697,74.74131559497414,81.83665927568367,8.0,-6.8739242868404205,0.343116512115867,-10.456108074576832,-1.9717942021415524,48.02586402972495,0.21577710521577131,-1.1141647795062255,56.22973020128737,10.32980049315713,73.06846399432423,8.783256473926924,7.335934728627173,3.2493792124866974,3.4338417878680385,4.129123802766941,81.83665927568367,-8.76819528135944,7.095343680709535,1.6879127932173894,4.619364375461936,2.7165703531652365,2.765459472776546,0.48391973971015156,0.0,3.4338417878680385,3.683173195368312,0.445950607398629,63905.81818181818,30.818181818181817,8.581818181818182,26.454545454545453,8.245454545454546,21.381818181818183,6.845454545454546,81.5,68.58181818181819,95.19090909090907,Interpolated_2011_2022,2011,63154.0,35.0,7.4,21.0,12.7,14.2,6.3,64.5,45.4,79.1,Sakhisizwe,Chris Hani,False
EC139,118637,1463,170,54341,55804,47.0376020971535,2.621675865529353,2021,63.81185476895898,53.32253731068622,2.306658997197144,13,123599.0,53.76499809869012,1.7781731483388885,60.02597402597403,73.33384262796028,9.0,-6.7273960015366185,0.5284858488582556,-6.703436715287808,-4.01459558734294,48.02586402972495,-0.9882619325714472,-2.464732102597246,56.22973020128737,11.72479773335811,63.81185476895898,10.489317458272758,8.400655122283359,1.3580905761763675,1.0102868920336394,14.9297951822749,73.33384262796028,-9.5219878590013,13.307868601986248,-2.8185511437134902,7.856378915202445,0.5442762070809142,1.4576012223071046,-0.09951064613073712,0.0,1.0102868920336394,4.044308632543931,10.885486549730969,292847.8181818182,27.90909090909091,8.381818181818183,27.63636363636364,6.972727272727273,28.58181818181818,10.71818181818182,95.24545454545456,81.77272727272727,95.7909090909091,Interpolated_2011_2022,2011,250776.0,31.0,7.2,24.0,9.7,20.4,9.9,87.7,71.5,88.7,Enoch Mgijima,Chris Hani,False
EC141,61114,972,164,28218,29190,47.76319664888569,3.329907502569373,2021,80.05528386136508,72.48919129633568,1.5387616243672266,7,63893.0,54.49110231167734,1.4019426624082236,78.85253674727359,84.08902323376007,7.0,-6.727905662791649,0.136818961959003,-6.3633454509379135,-4.349459252187248,48.02586402972495,-0.262667380839261,-1.7386278896100293,56.22973020128737,11.064965088199122,80.05528386136508,3.3701892409100576,7.566092565029414,2.87405202353108,2.101495499326671,4.032886809837706,84.08902323376007,-4.03373937239499,5.236486486486487,-1.8662972455764293,4.12814129919393,3.4379512658354834,2.1307491702228543,0.7433028533082258,0.0,2.101495499326671,4.4155998103366585,-0.38271300049895274,141333.18181818182,31.3,9.118181818181816,25.545454545454547,9.545454545454549,18.99090909090909,5.554545454545454,72.56363636363636,50.06363636363636,86.5909090909091,Interpolated_2011_2022,2011,137045.0,35.3,8.3,21.0,16.0,11.9,5.1,33.2,17.7,46.5,Elundini,Joe Gqabi,False
EC142,60187,620,97,27312,27932,46.408692907106186,2.2196763568666764,2021,74.22378441710603,62.7819273579379,1.7605093695769063,10,64675.0,57.76729802860456,1.9087479898570616,45.07238459437312,68.33925157060912,6.0,-11.358605121498378,-0.1482386202801551,17.709542763564784,-6.939311944337067,48.02586402972495,-1.617171122618764,1.53756782731719,56.22973020128737,11.07713000705423,74.22378441710603,3.445371997656708,11.44185705916813,1.32908611599297,0.9043643819566493,8.655536028119514,68.33925157060912,5.88453284649691,4.149139579349904,-0.7037675816931959,3.0811253755804424,8.360731683587687,0.7402349084949468,0.5888512074980233,0.0,0.9043643819566493,23.69024856596559,-15.034712537846076,145898.18181818182,31.363636363636367,9.063636363636364,25.63636363636364,11.045454545454543,21.57272727272727,6.118181818181818,86.83636363636364,63.28181818181818,94.73636363636363,Interpolated_2011_2022,2011,134150.0,34.0,7.7,22.0,14.5,13.3,5.3,70.2,41.1,81.1,Senqu,Joe Gqabi,False
EC145,36110,248,43,16813,17061,47.24729991692052,1.453607643162769,2021,55.71284125379171,32.861476238624874,2.6050029014466274,5,36607.0,57.35788237222389,1.9861205891559173,44.45682721193915,66.89117162515748,4.0,-10.110582455303373,0.6188823122907101,-11.595350973314275,-1.357663834785694,48.02586402972495,-0.7785641128044318,1.1281521709365236,56.22973020128737,10.507994757932803,55.71284125379171,22.851365015166834,12.490334859929815,0.0,1.5880568607625052,7.357402010349133,66.89117162515748,-11.178330371365774,22.434344413218334,0.41702060194850077,5.683690280065898,6.806644579863917,0.0,0.0,0.0,1.5880568607625052,4.990793681558287,2.3666083287908455,101782.45454545454,28.645454545454548,7.0,26.727272727272727,8.790909090909091,27.05454545454545,9.063636363636364,94.01818181818184,93.52727272727272,94.0,Interpolated_2011_2022,2011,77477.0,32.1,6.0,24.0,12.7,19.6,8.7,90.2,86.8,87.0,Walter Sisulu,Joe Gqabi,False
EC153,139517,3383,225,58718,62101,44.51142154719496,5.44757733369833,2021,75.83534861541605,66.41745291052148,1.702855555459224,12,136794.0,52.14336886120736,1.4238143194763058,77.5605953429285,83.44040074490046,10.0,-7.6319473140124,0.2790412359829182,-11.143142432407018,1.9905843823559533,48.02586402972495,-3.5144424825299865,-4.0863613400800105,56.22973020128737,11.826231423559602,75.83534861541605,2.576722640416908,9.41789570489458,2.0164174529105217,2.3314826799277903,7.822132906434163,83.44040074490046,-7.605052129484406,3.3852550129202696,-0.8085323725033615,5.879805401971965,3.5380903029226145,2.295332823259373,-0.27891537034885117,0.0,2.3314826799277903,4.999206016947937,2.822926889486226,347655.54545454547,38.67272727272727,5.4,19.727272727272727,13.61818181818182,19.518181818181816,7.0181818181818185,73.31818181818181,19.85454545454545,90.43636363636364,Interpolated_2011_2022,2011,278481.0,42.4,5.4,17.0,20.8,12.7,5.2,40.5,8.4,62.8,Ngquza Hill,O.R. Tambo,False
EC154,76248,1341,119,37541,38882,50.99412443605078,3.448896661694357,2021,78.49817532830772,70.93311312964492,1.5974152085124125,9,75867.0,55.96372599417401,1.5512475158250896,73.42559552512296,79.66534863535539,8.0,-4.96960155812323,0.0461676926873226,-2.492482395478035,0.5021946300763247,48.02586402972495,2.9682604063258324,-0.2660042071133546,56.22973020128737,11.236737086229661,78.49817532830772,3.3696491835593085,7.565062198662796,2.288164939665965,4.174102980741057,4.104845369063156,79.66534863535539,-1.167173307047662,5.641816954383258,-2.2721677708239496,2.854662937602469,4.710399261060327,4.525508727939049,-2.2373437882730838,0.0,4.174102980741057,7.31266274471983,-3.207817375656674,177216.9090909091,37.31818181818181,5.781818181818181,21.181818181818183,15.590909090909092,19.454545454545453,5.081818181818182,62.23636363636364,22.772727272727277,89.70909090909092,Interpolated_2011_2022,2011,156136.0,42.5,5.6,23.0,23.5,12.0,3.9,24.6,7.5,67.8,Port St Johns,O.R. Tambo,False
EC155,134601,1195,215,55749,56944,42.30577781740106,2.098552964315819,2021,79.63909666541105,72.05869163572441,1.5523064768752812,10,134892.0,50.66942442843163,1.3765622401784638,78.96259650700847,84.8257252080054,6.0,-8.363646611030575,0.1757442366968173,-6.903904871284055,-0.215728138066007,48.02586402972495,-5.720086212323892,-5.560305772855735,56.22973020128737,11.812229737249798,79.63909666541105,1.492403451182981,5.115786830257045,3.426070422787853,7.580405029686631,2.7462376006744336,84.8257252080054,-5.186628542594349,4.1481148339704665,-2.6557113827874854,4.115133798066112,1.0006530321909333,5.863128700996927,-2.437058278209074,0.0,7.580405029686631,1.0478974589611028,1.6983401417133308,303540.9090909091,37.054545454545455,5.945454545454545,20.727272727272727,13.2,20.654545454545453,6.00909090909091,69.52727272727273,29.49090909090909,91.0,Interpolated_2011_2022,2011,290390.0,40.6,5.4,18.0,18.2,15.2,4.1,33.8,6.4,71.0,Nyandeni,O.R. Tambo,False
EC156,93164,1246,199,41164,42410,45.521875402516,2.9379863239801933,2021,77.74025847828199,71.06209309105043,1.624497885382448,8,96967.0,53.10672703084555,1.552854243726171,72.35477900937295,79.54866569819507,6.0,-7.584851628329552,0.0716436416562769,-1.292685918322519,-3.921952829313069,48.02586402972495,-2.5039886272089475,-3.1230031704418195,56.22973020128737,11.4821259934167,77.74025847828199,1.479448061412885,6.051404139539403,6.678165387231561,4.3970459624914975,3.653677971042669,79.54866569819507,-1.8084072199130787,3.227796461761955,-1.74834840034907,3.128295954309367,2.923108185230036,6.278482020258303,0.39968336697325846,0.0,4.3970459624914975,7.816759865475305,-4.163081894432636,186786.81818181815,33.75454545454545,8.10909090909091,23.545454545454547,11.7,18.581818181818186,5.345454545454546,68.66363636363636,37.09090909090909,93.5818181818182,Interpolated_2011_2022,2011,190745.0,38.3,7.2,19.0,14.7,12.4,4.8,34.3,13.0,72.4,Mhlontlo,O.R. Tambo,False
EC157,206563,2415,353,79005,81420,39.41654604164347,2.9661016949152543,2021,63.62888424783242,47.317258401367,2.272612670106043,12,211426.0,45.112710830266856,2.1961325725577794,41.29208371246588,63.31317240271905,8.0,-5.696164788623385,0.0764800975482637,6.025174688901124,-2.3000955417025293,48.02586402972495,-8.609317988081479,-11.117019371020511,56.22973020128737,12.261630334448864,63.62888424783242,1.977090057591292,7.003354218087463,16.311625846465414,4.983228909562686,6.095816720460718,63.31317240271905,0.3157118451133698,4.45859872611465,-2.4815086685233574,4.452175774768506,2.551178443318957,22.021088690253173,-5.709462843787758,0.0,4.983228909562686,5.754964406144637,0.34085231431608065,474169.7272727273,32.09090909090909,5.827272727272727,24.545454545454547,10.545454545454543,25.00909090909091,12.318181818181818,82.38181818181818,64.76363636363637,93.1181818181818,Interpolated_2011_2022,2011,450287.0,35.0,5.1,20.0,14.0,19.1,10.5,60.2,38.4,73.3,King Sabata Dalindyebo,O.R. Tambo,False
EC441,99232,1328,182,50633,51961,52.363148984198645,2.555762976078213,2021,73.03932218118618,61.28019275966267,1.811859811899008,15,97535.0,59.29563746347465,1.7513787683324331,66.36426951443828,74.43970212689966,7.0,-6.932488479276003,0.060481043566575,-5.084076754775609,1.7398882452452913,48.02586402972495,4.337284954473695,3.065907262187281,56.22973020128737,11.487966566929034,73.03932218118618,5.213990875515968,11.759129421523513,1.3192976912290404,1.7399719550490786,6.92828787549621,74.43970212689966,-1.4003799457134818,8.075432612461382,-2.861441736945414,6.803935925138847,4.955193496384665,2.7430040895047947,-1.4237063982757543,0.0,1.7399719550490786,7.937925245995316,-1.0096373704991057,223587.54545454544,34.03636363636364,7.9,22.63636363636364,5.036363636363636,21.172727272727272,7.1454545454545455,73.42727272727272,51.05454545454545,80.9,Interpolated_2011_2022,2011,203843.0,38.4,6.9,19.0,9.4,12.9,5.6,49.7,27.6,44.9,Matatiele,Alfred Nzo,False
EC442,106760,1111,225,49090,50201,47.02229299363057,2.213103324634968,2021,76.08881645956407,65.99511102057446,1.6856392886210616,9,103439.0,54.259998646545306,1.6583874387305344,69.23613917771982,76.72961751846273,5.0,-7.237705652914734,0.0272518498905272,-3.241028157145365,3.2105878827134893,48.02586402972495,-1.0035710360943781,-1.9697315547420615,56.22973020128737,11.546737345958947,76.08881645956407,4.110816866979018,10.09370543898961,2.6685679364432677,2.7907924220818905,4.2473008759421305,76.72961751846273,-0.6408010588986599,6.7347613623838045,-2.6239444954047864,4.776426498144542,5.3172789408450685,7.493478340742918,-4.824910404299651,0.0,2.7907924220818905,4.265716280265991,-0.018415404323860685,212413.18181818185,33.663636363636364,7.427272727272728,22.63636363636364,4.545454545454546,22.536363636363635,8.027272727272727,70.24545454545455,43.10909090909091,85.83636363636364,Interpolated_2011_2022,2011,191775.0,38.3,6.7,19.0,8.0,13.9,6.3,37.7,17.2,45.2,Umzimvubu,Alfred Nzo,False
EC443,133323,1280,265,60872,62152,46.61761286499704,2.059467112884541,2021,74.42173741621764,67.35773426205809,1.768002951571213,12,131835.0,56.51989228960443,1.5315538063424614,73.92777456408561,80.3170536870231,9.0,-9.902279424607393,0.2364491452287516,-6.570040302027522,1.128683581749912,48.02586402972495,-1.4082511647279077,0.2901620883170608,56.22973020128737,11.789306419666856,74.42173741621764,1.8481403600998816,7.064003154159548,1.4489420423183073,6.963792876856354,8.253384150348268,80.3170536870231,-5.895316270805466,3.490069691210093,-1.6419293311102112,6.389279122937499,0.6747240312220493,1.5398176459245791,-0.09087560360627189,0.0,6.963792876856354,8.263779852904719,-0.01039570255645117,343809.54545454547,38.74545454545455,5.2,19.727272727272727,12.309090909090909,22.009090909090908,7.545454545454545,67.97272727272727,29.172727272727272,90.27272727272728,Interpolated_2011_2022,2011,281905.0,44.2,5.2,17.0,19.4,13.1,5.0,43.7,6.9,60.0,Winnie Madikizela-Mandela,Alfred Nzo,False
EC444,67099,881,142,31557,32438,48.343492451452335,2.7159504285097724,2021,80.93291504262129,69.1764109389359,1.4931435885352249,10,64137.0,53.49486255983286,1.407001900484162,78.55219862399042,83.87077475321567,6.0,-5.151370108380526,0.0861416880510625,-9.37578768505452,4.61823908196517,48.02586402972495,0.3176284217273846,-2.734867641454507,56.22973020128737,11.068776699468518,80.93291504262129,1.394302373482904,11.756504103685394,1.033051303989606,1.6224609436891972,3.2607662325316227,83.87077475321567,-2.937859710594381,5.18994914747233,-3.795646773989426,5.318576129225247,6.437927974460147,1.169608136404427,-0.13655683241482097,0.0,1.6224609436891972,4.451091833682327,-1.190325601150704,144368.27272727274,37.77272727272727,6.4818181818181815,19.818181818181817,13.172727272727272,17.163636363636364,5.163636363636363,53.33636363636364,26.90909090909091,89.3,Interpolated_2011_2022,2011,123821.0,41.5,6.3,18.0,17.9,9.8,3.8,24.7,8.0,23.3,Ntabankulu,Alfred Nzo,False
NMA,583270,3584,257,263461,267045,45.78411370377355,1.3420959014398322,2021,40.03894314528526,0.4357381168370224,3.0962808441484686,28,609217.0,63.53368340016775,2.5426224940360016,5.159413281330082,46.663898299293805,19.0,-17.749569696394204,0.553658350112467,-4.723675164493059,-4.259073532091195,48.02586402972495,-2.2417503259514007,7.303953198880386,56.22973020128737,13.319929805063564,39.60320502844824,40.03894314528526,6.399049574699861,1.0749219049498788,0.2592414057488584,12.624638940867923,41.50448501796373,-1.9012799895154942,46.663898299293805,-6.624955154008546,5.028266257368807,1.3707833173310542,1.8315904007737407,-0.7566684958238619,0.0,0.2592414057488584,4.9717600245999165,7.652878916268007,1187006.818181818,22.590909090909093,8.545454545454547,31.63636363636364,2.5454545454545454,36.44545454545455,12.690909090909091,91.56363636363636,93.49090909090908,95.95454545454544,Interpolated_2011_2022,2011,1152115.0,25.5,6.0,28.0,3.0,30.9,11.6,87.2,90.4,90.5,Nelson Mandela Bay,Nelson Mandela Bay (metro),True
