{"type":"FeatureCollection","features":[{"type":"Feature","id":"BUF","properties":{"MuniCode":"BUF","SourceUnits":"BUF"},"geometry":{"type":"Polygon","coordinates":[[[27.49192669373256,-33.282101424885596],[27.478773828614926,-33.272264259447866],[27.470005251869843,-33.284862734482154],[27.459642388443832,-33.28227400673538],[27.456453815081986,-33.2662238947054],[27.442902378294125,-33.258457711465084],[27.4349309448895,-33.23912854428919],[27.41261093135656,-33.23308817954672],[27.41619807638864,-33.221870359310714],[27.433535944043694,-33.20996221167556],[27.432340229033002,-33.19995246438805],[27.39447592036104,-33.184765261606984],[27.380326626067834,-33.18597333455548],[27.374945908519713,-33.1801055516628],[27.37833376771668,-33.165436094431094],[27.391088061164076,-33.15697958379164],[27.369365905136476,-33.1505940553496],[27.395273063701502,-33.13316328852134],[27.45625452924687,-33.123153541233826],[27.45844667343314,-33.109174411401256],[27.443500235799473,-33.09381462677042],[27.445493094150628,-33.07206931369753],[27.43732237491089,-33.0587805112641],[27.4835566886577,-33.03064966974919],[27.478773828614926,-33.025989959805],[27.499698841302063,-33.0078688655776],[27.50388384383949,-32.99527039054331],[27.439713804932275,-32.9897477713502],[27.417991648904678,-33.00579788338018],[27.401450924590087,-32.97749446001548],[27.36717376095021,-32.962825002783774],[27.365579474269282,-32.95160718254777],[27.395671635371734,-32.93227801537187],[27.419386649750486,-32.934521579419076],[27.41340807469702,-32.92226826808436],[27.40583521296263,-32.9274457235779],[27.389693060318265,-32.914329502994256],[27.355017325008156,-32.913639175595115],[27.35083232247073,-32.92192310438479],[27.340070887374488,-32.90966979305007],[27.32831302310267,-32.91484724854361],[27.324925163905704,-32.927963469127256],[27.299416577010913,-32.92192310438479],[27.270719416754268,-32.927618305427686],[27.26513941337103,-32.920715031436295],[27.235844395609043,-32.920542449586506],[27.231659393071617,-32.89603582691707],[27.220100814634915,-32.89655357246642],[27.217908670448644,-32.89016804402439],[27.232855108082312,-32.85237261892153],[27.2161150979326,-32.8549613466683],[27.202364375309628,-32.844606435681214],[27.157525062408624,-32.83839348908896],[27.17705507424995,-32.81544010306759],[27.169482212515558,-32.80922715647534],[27.18203722012784,-32.808019083526844],[27.191204368543154,-32.79680126329083],[27.215517240427253,-32.792659298896],[27.218905099624223,-32.78333987900762],[27.21272723873564,-32.765391366630006],[27.240627255651816,-32.75365580084464],[27.23245653641208,-32.714479720943494],[27.259559409987798,-32.68962793457449],[27.287260141068863,-32.684795642780514],[27.29323871612233,-32.675648804741925],[27.387301630296882,-32.67979076913676],[27.371358763487635,-32.69981026371179],[27.382319484418993,-32.725007213780366],[27.347045891603535,-32.712236156896296],[27.3261208789164,-32.73984925286186],[27.338476600693564,-32.761594565934736],[27.333095883145447,-32.764873621080646],[27.332298739804983,-32.78420278825654],[27.32253373388432,-32.788344752651376],[27.338476600693564,-32.79421253554406],[27.340270173209603,-32.8073287561277],[27.36617733177463,-32.837875743539605],[27.378533053551795,-32.83614992504176],[27.380326626067834,-32.828038578101875],[27.393280205350347,-32.82251595890876],[27.38550805778084,-32.80146097323502],[27.42118022226653,-32.79611093589169],[27.424368795628375,-32.80335937358265],[27.450076668358285,-32.81354170271995],[27.456055243411754,-32.781614060509774],[27.475186683582848,-32.77281238617075],[27.476780970263775,-32.761076820385384],[27.4899338353814,-32.75952358373732],[27.493321694578366,-32.74364605355712],[27.51524313644108,-32.71586037574178],[27.5539045884535,-32.725179795630154],[27.51922885314339,-32.74657994500346],[27.53636743496333,-32.792659298896],[27.558886734331388,-32.80146097323502],[27.57463031530552,-32.79887224548825],[27.587384608752917,-32.8130239571706],[27.59216746879569,-32.807846501677055],[27.60751247809959,-32.80991748387447],[27.603726047232392,-32.817338503415215],[27.6114981948019,-32.820790140410914],[27.618074627360713,-32.81544010306759],[27.630629634972998,-32.82234337705898],[27.627042489940916,-32.81285137532081],[27.634416065840192,-32.817338503415215],[27.647768216792933,-32.811815884222106],[27.64717035928759,-32.82579501405467],[27.655141792692213,-32.827865996252086],[27.65215250516548,-32.83994672573702],[27.658928223559407,-32.840464471286374],[27.665305370283107,-32.83511443394305],[27.661319653580794,-32.83235312434649],[27.668294657809838,-32.82855632365123],[27.67407394702819,-32.83442410654391],[27.692806815529053,-32.817338503415215],[27.71592397240246,-32.808536829076196],[27.720507546610122,-32.79990773658696],[27.70775325316272,-32.778335005363864],[27.727283265004047,-32.78385762455697],[27.762955429489736,-32.778335005363864],[27.777304009618057,-32.76608169402914],[27.782684727166178,-32.74899609090045],[27.79484116310823,-32.74640736315368],[27.80380902568843,-32.76401071183172],[27.814969032454904,-32.761076820385384],[27.80879117156632,-32.77868016906343],[27.832705471780187,-32.781786642359556],[27.82274118002441,-32.80439486468136],[27.828719755077877,-32.81544010306759],[27.847651909413855,-32.801978718784376],[27.84486190772224,-32.79403995369427],[27.850441911105474,-32.791451225947505],[27.857018343664286,-32.80249646433373],[27.864391919563566,-32.78627377045396],[27.882925502229313,-32.78558344305482],[27.899864798214136,-32.75658969229098],[27.949885542828145,-32.74002183471164],[27.947095541136527,-32.75244772789615],[27.92856195847078,-32.774193040969024],[27.961444121264847,-32.82855632365123],[27.975394129722936,-32.827865996252086],[27.982369133951984,-32.85185487337217],[28.007479149176547,-32.86445334840646],[28.022824158480446,-32.88240186078408],[28.03478130858738,-32.880503460436444],[28.03697345277365,-32.887234152578046],[28.05052488956151,-32.883955097432136],[28.052119176242435,-32.890858371423526],[28.067464185546335,-32.893964844719655],[28.065471327195176,-32.904492337556526],[28.081015622334192,-32.91208593894706],[28.056702750450093,-32.91916179478823],[28.032389878565994,-32.93469416126886],[28.035379166092724,-32.94194259895982],[27.9608462637595,-32.97887511481376],[27.949088399487685,-32.990955844298696],[27.952476258684648,-32.99751395459052],[27.923779098428007,-33.010285011474586],[27.916405522528727,-33.02409155945737],[27.919594095890577,-33.02961417865048],[27.909031946629455,-33.0384158529895],[27.82852046924276,-33.076038696242584],[27.824335466705335,-33.08639360722967],[27.727881122509395,-33.12142772273598],[27.700180391428333,-33.15301020124659],[27.664508226942644,-33.172339368422485],[27.63182534998369,-33.202368610285035],[27.615284625669098,-33.20754606577857],[27.611099623131672,-33.21669290381717],[27.58220317703991,-33.225494578156194],[27.576623173656678,-33.23429625249521],[27.529392430734283,-33.25552382001874],[27.49192669373256,-33.282101424885596]]]}},{"type":"Feature","id":"EC101","properties":{"MuniCode":"EC101","SourceUnits":"EC101,EC103,EC107"},"geometry":{"type":"Polygon","coordinates":[[[22.784595982467586,-33.41550719476922],[22.73577095286427,-33.39479737279505],[22.739358097896353,-33.32403881438329],[22.773435975701116,-33.3262823784305],[22.773834547371347,-33.30902419345202],[22.790175985850823,-33.30729837495417],[22.840196730464832,-33.22014454081286],[22.87726389579633,-33.18683624380441],[22.892210333429997,-33.14161979916079],[22.955383943161635,-33.073104804796245],[22.957775373183022,-33.04497396328132],[22.934060358804267,-33.02167541356038],[22.935256073814962,-33.013046321071144],[22.969333951619724,-32.99337199019568],[22.94880751060282,-32.950053945899704],[23.003611115259602,-32.89827939096428],[23.0073975461268,-32.87273727719613],[23.098072601104384,-32.873772768294835],[23.11640689793502,-32.858067819964425],[23.0893040243593,-32.79921740918782],[23.14928906072909,-32.76677202142828],[23.187551941071277,-32.76746234882742],[23.201103377859138,-32.78541086120504],[23.250326979132684,-32.788517334501165],[23.305130583789467,-32.8095723201749],[23.378667056947112,-32.825104686655536],[23.39779849711821,-32.76349296628237],[23.351564183371394,-32.76383812998194],[23.353557041722553,-32.72949434187477],[23.332831314870532,-32.70360706440706],[23.269657705138894,-32.67150684034709],[23.30134415292227,-32.651832509471625],[23.307322727975738,-32.61162093847177],[23.288191287804644,-32.55121729104711],[23.24454768991433,-32.51324928409446],[23.247536977441065,-32.46527152985429],[23.22162981887604,-32.42505995885444],[23.27204913516028,-32.400725918034794],[23.287194858629064,-32.404177555030486],[23.307322727975738,-32.39589362624082],[23.333030600705648,-32.351194927146565],[23.349172753350008,-32.36448372957999],[23.409755647225143,-32.38916293409921],[23.42470208485881,-32.35619980079032],[23.44901495674291,-32.32323666748143],[23.66524008784331,-32.344291653155175],[23.678392952960937,-32.32910445037411],[23.64889864936383,-32.298039717412856],[23.670421519556314,-32.237636069988184],[23.692342961419026,-32.23349410559335],[23.708086542393158,-32.21916981206122],[23.74714656607581,-32.20070355413425],[23.766278006246903,-32.178785659211584],[23.797765168195163,-32.19414544384242],[23.85117377200614,-32.24246836178216],[23.892226654039945,-32.254894254966665],[23.92092381429659,-32.23349410559335],[23.93527239442491,-32.23194086894529],[23.961179552989936,-32.20657133702693],[23.985890996544267,-32.197769662687904],[24.030531023610155,-32.19345511644329],[24.044082460398016,-32.181892132507706],[24.038103885344547,-32.15807583723741],[24.10008178006549,-32.16394362013009],[24.112836073512888,-32.15099998139623],[24.10227392425176,-32.148756417349034],[24.13555465871606,-32.12321430358089],[24.135355372880948,-32.09784477166252],[24.109647500151038,-32.08421080552953],[24.09788963587922,-32.11078841039638],[24.10287178175711,-32.069886511997396],[24.1231989369389,-32.055907382164825],[24.1347575153756,-32.06022192840945],[24.141134662099297,-32.05142025407042],[24.12857965448702,-32.04123792493312],[24.14093537626418,-32.01172642861993],[24.1744153965636,-32.020010357409596],[24.17481396823383,-32.01258933786885],[24.189361834197268,-32.01224417416928],[24.19374612256981,-32.00482315462854],[24.18298468747357,-31.996021480289514],[24.222443282826454,-31.955637327439877],[24.18796683335146,-31.93354685066743],[24.197133981766775,-31.92353710337991],[24.164251818972705,-31.90248211770617],[24.147312522987882,-31.896959498513056],[24.13874323207791,-31.90541600915251],[24.105462497613612,-31.90679666395079],[24.10466535427315,-31.886777169375755],[24.123796794444242,-31.847255925775045],[24.15329109804135,-31.854849527165573],[24.154885384722274,-31.82240413940604],[24.17979611411172,-31.819470247959696],[24.18378183081403,-31.813257301367447],[24.154287527216926,-31.79824268043617],[24.147312522987882,-31.7673505293247],[24.161661103116202,-31.740082597058706],[24.225831142023416,-31.74750361659945],[24.268279024903034,-31.76666020192556],[24.26887688240838,-31.755960127238904],[24.28501903505274,-31.765106965277496],[24.314114766979618,-31.751300417294715],[24.322285486219357,-31.74180841555655],[24.32467691624074,-31.724032485028722],[24.340619783049988,-31.71385015589142],[24.423323404622952,-31.71160659184422],[24.41256196952671,-31.68848062397306],[24.441259129783354,-31.712642082942928],[24.506226312031032,-31.706774300050245],[24.510411314568458,-31.754234308741054],[24.550667053261805,-31.761137582732445],[24.577570641002403,-31.73852936041064],[24.577172069332175,-31.730590595320542],[24.616431378849942,-31.72610346722614],[24.622409953903407,-31.70625655450089],[24.641541394074505,-31.69037902432069],[24.62779067145153,-31.712296919243357],[24.635961390691268,-31.718509865835607],[24.655889974202825,-31.716093719938623],[24.64213925157985,-31.728174449423555],[24.70431643213591,-31.74422456145354],[24.699533572093138,-31.76631503822599],[24.733412164062784,-31.78737002389973],[24.74078573996206,-31.779258676959845],[24.75334074757434,-31.782019986556403],[24.753739319244573,-31.79168457014435],[24.771874330240088,-31.79289264309284],[24.76290646765989,-31.805663699976915],[24.80196649134254,-31.784953878002746],[24.84840009092447,-31.817571847612065],[24.85557438098863,-31.834830032590542],[24.87410796365438,-31.840352651783654],[24.895830119681975,-31.833449377792263],[24.89921797887894,-31.83724617848753],[24.904797982262178,-31.86917382069771],[24.91675513236911,-31.864341528903736],[24.924726565773735,-31.88004647723415],[24.91994370573096,-31.884533605328553],[24.932299427508127,-31.891782043019514],[24.939075145902056,-31.90507084545294],[24.94385800594483,-31.9281968133241],[24.923132279092812,-31.94372917980473],[24.943658720109717,-31.97997136825953],[24.950633724338758,-32.00723930052553],[24.93807871672648,-32.05331865441806],[24.947843722647143,-32.071784912345024],[24.9550180127113,-32.06971393014761],[24.967174448653353,-32.10750935525047],[24.95103229600899,-32.122696558031535],[24.954021583535724,-32.14029990670958],[24.937680145056248,-32.15790325538762],[24.938278002561596,-32.17360820371804],[24.92452727993862,-32.16756783897557],[24.915559417358416,-32.172054967069975],[24.909381556469835,-32.18914057019867],[24.904000838921718,-32.221931121657775],[24.92233513575235,-32.2397070521856],[24.949637295163182,-32.241260288833665],[24.929110854146277,-32.2624878563572],[24.93170157000278,-32.28371542388072],[24.921936564082117,-32.31012044689779],[24.906192983107985,-32.304942991404246],[24.893239403825476,-32.31650597533982],[24.87410796365438,-32.318576957537246],[24.86015795519629,-32.32962219592347],[24.843617230881698,-32.32323666748143],[24.823090789864793,-32.33013994147282],[24.827873649907566,-32.34981427234828],[24.814920070625053,-32.34549972610367],[24.81631507147086,-32.35309332749419],[24.806550065550198,-32.358098201137956],[24.825880791556408,-32.36914343952418],[24.82329007569991,-32.38312256935674],[24.81372435561436,-32.380533841609974],[24.79519077294861,-32.40918242867424],[24.761312180978962,-32.377599950163635],[24.701725716279405,-32.38208707825804],[24.694750712050364,-32.37449347686751],[24.69455142621525,-32.354128818592905],[24.67143426934184,-32.37949835051126],[24.696145712896172,-32.406938864627044],[24.589727076944456,-32.443871380480985],[24.564019204214546,-32.47821516858815],[24.55664562831527,-32.515665429991444],[24.57737135516729,-32.523604195081546],[24.566012062565704,-32.566231911978385],[24.545286335713683,-32.56208994758355],[24.49267487524317,-32.605407991879524],[24.439864128937543,-32.58090136921009],[24.456604139087254,-32.6407872710854],[24.42511697713899,-32.69566829931696],[24.4137576845374,-32.73691536141552],[24.471749862556038,-32.765391366630006],[24.510012742898226,-32.738296016213795],[24.529343468904436,-32.735016961067885],[24.542894905692293,-32.7167232849907],[24.60527137208347,-32.70377964625684],[24.666252837628836,-32.70774902880189],[24.690964281183167,-32.691698916771905],[24.783233622841678,-32.70412480995641],[24.78403076618214,-32.72310881343274],[24.881880111223886,-32.744163799106474],[24.910776557315643,-32.74330088985755],[24.91635656069888,-32.75624452859141],[24.912171558161454,-32.76349296628237],[24.93389371418905,-32.76349296628237],[24.93389371418905,-32.781441478659985],[24.9767401687389,-32.78627377045396],[24.99248374971303,-32.80025290028652],[24.989095890516065,-32.837530579840035],[25.00145161229323,-32.84184512608466],[25.044098781007964,-32.83442410654391],[25.087343807228045,-32.871011458698284],[25.07359308460507,-32.891721280672456],[25.036326633438456,-32.89551808136772],[25.016198764091783,-32.91484724854361],[25.055856645279782,-32.94625714520444],[25.101692387356366,-32.9512620188482],[25.093920239786858,-32.99130100799826],[25.071600226253913,-32.99337199019568],[25.076980943802035,-33.00286399193384],[25.078375944647842,-33.043075562933694],[25.098902385664747,-33.04100458073628],[25.113848823298415,-33.09467753601934],[25.1136495374633,-33.11573252169308],[25.174033145503316,-33.119529322388345],[25.171043857976585,-33.224976832606835],[25.16586242626358,-33.22411392335791],[25.178218148040745,-33.251727019323475],[25.131784548458818,-33.25017378267541],[25.13477383598555,-33.295045063619455],[24.97773659791448,-33.25655931111745],[24.971957308696126,-33.27088360464958],[24.880285824542963,-33.25742222036637],[24.88068439621319,-33.27761429679119],[24.87171653363299,-33.275025569044416],[24.839631514179384,-33.35182449219864],[24.850392949275626,-33.378056933365926],[24.84301937337635,-33.3828892251599],[24.841823658365655,-33.40877650262762],[24.81691292897621,-33.43897832633995],[24.79798077464023,-33.483504443584415],[24.808941495571588,-33.506802993305364],[24.80435792136393,-33.53821288996619],[24.70192500211452,-33.51456917654568],[24.673028556022764,-33.57152118697465],[24.646124968282162,-33.57083085957551],[24.63416781817523,-33.59689071889301],[24.73082144820628,-33.62036185046374],[24.71388215222146,-33.6343409802963],[24.67103569767161,-33.63071676145083],[24.670637126001377,-33.635549053244794],[24.59849565368954,-33.65712178446789],[24.563222060874082,-33.6343409802963],[24.535322043957905,-33.66281698551079],[24.546282764889263,-33.689394590377645],[24.53811204564952,-33.69612528251925],[24.536717044803712,-33.72649968808137],[24.525357752202126,-33.7261545243818],[24.505229882855453,-33.74410303675941],[24.499649879472216,-33.778446824866585],[24.473344149236958,-33.765158022433155],[24.42292483295272,-33.758772493991124],[24.355167649013424,-33.73340296207276],[24.370512658317324,-33.70406404760935],[24.3228833437247,-33.72028674148912],[24.29099761010621,-33.711830230849664],[24.262898307354913,-33.7442756186092],[24.241375437162432,-33.74289496381092],[24.187767547516344,-33.764812858733585],[24.05723532551564,-33.725981942532016],[24.060822470547723,-33.69836884656645],[23.961976696330396,-33.67041058690132],[23.842803766931283,-33.65039109232629],[23.80474017242421,-33.63468614399587],[23.767075149587367,-33.609144030227725],[23.722235836686362,-33.6174279590174],[23.646905791012674,-33.57825187911625],[23.616813629910226,-33.569622786627015],[23.59628718889332,-33.572556678073354],[23.604059336462825,-33.496448082318274],[23.514181424825704,-33.46279462161024],[23.495647842159954,-33.44346545443435],[23.46754853940866,-33.44812516437854],[23.35495204256836,-33.44122189038715],[23.36391990514856,-33.46158654866175],[23.297159150384843,-33.3885844262028],[23.134741194765652,-33.387548935104086],[23.112819752902936,-33.400837737537515],[23.06638615332101,-33.40031999198816],[22.93485750214473,-33.42914116090222],[22.77443240487669,-33.41982174101384],[22.784595982467586,-33.41550719476922]]]}},{"type":"Feature","id":"EC102","properties":{"MuniCode":"EC102","SourceUnits":"EC102"},"geometry":{"type":"Polygon","coordinates":[[[26.27488809868175,-32.936937725316064],[26.135587299935963,-32.960236275037005],[26.133993013255036,-32.9659314760799],[26.09612870458308,-32.983017079208594],[26.093537988726574,-32.99371715389525],[26.02438580394147,-33.05274014652164],[26.03534652487283,-33.05860792941432],[26.021595802249855,-33.08190647913526],[26.015218655526155,-33.07569353254301],[26.005652935440608,-33.09053557162451],[25.990905783642056,-33.099854991512885],[25.972970058481653,-33.09726626376611],[25.962607195055643,-33.110037320650186],[25.948258614927322,-33.172684532122055],[25.981937921061856,-33.179587806113446],[25.968785055944224,-33.2004702099374],[25.98333292190766,-33.20443959248245],[25.970777914295383,-33.23291559769694],[26.01641437053685,-33.2503463645252],[26.008243651297107,-33.27795946049076],[25.98791649611532,-33.30660804755503],[25.96898434177934,-33.315409721894056],[25.92813074558065,-33.31368390339621],[25.84961212654511,-33.294699899919884],[25.847419982358844,-33.302293501310416],[25.83267283056029,-33.291593426623756],[25.789627090175323,-33.28451757078258],[25.697756320187047,-33.285380480031506],[25.633586281279833,-33.3069532112546],[25.608077694385038,-33.28123851563667],[25.514612637715835,-33.27381749609592],[25.450641884643733,-33.28348207968387],[25.315725374270492,-33.25983836626336],[25.21488674170201,-33.25655931111745],[25.18120743556748,-33.26294483955949],[25.17223957298728,-33.228601051452316],[25.16586242626358,-33.22411392335791],[25.171043857976585,-33.224976832606835],[25.174033145503316,-33.119529322388345],[25.1136495374633,-33.11573252169308],[25.113848823298415,-33.09467753601934],[25.098902385664747,-33.04100458073628],[25.078375944647842,-33.043075562933694],[25.076980943802035,-33.00286399193384],[25.071600226253913,-32.99337199019568],[25.093920239786858,-32.99130100799826],[25.101692387356366,-32.9512620188482],[25.055856645279782,-32.94625714520444],[25.016198764091783,-32.91484724854361],[25.036326633438456,-32.89551808136772],[25.07359308460507,-32.891721280672456],[25.087343807228045,-32.871011458698284],[25.044098781007964,-32.83442410654391],[25.00145161229323,-32.84184512608466],[24.989095890516065,-32.837530579840035],[24.99248374971303,-32.80025290028652],[24.9767401687389,-32.78627377045396],[24.93389371418905,-32.781441478659985],[24.93389371418905,-32.76349296628237],[24.912171558161454,-32.76349296628237],[24.91635656069888,-32.75624452859141],[24.910776557315643,-32.74330088985755],[24.881880111223886,-32.744163799106474],[24.78403076618214,-32.72310881343274],[24.783233622841678,-32.70412480995641],[24.690964281183167,-32.691698916771905],[24.666252837628836,-32.70774902880189],[24.60527137208347,-32.70377964625684],[24.542894905692293,-32.7167232849907],[24.529343468904436,-32.735016961067885],[24.510012742898226,-32.738296016213795],[24.471749862556038,-32.765391366630006],[24.4137576845374,-32.73691536141552],[24.42511697713899,-32.69566829931696],[24.456604139087254,-32.6407872710854],[24.439864128937543,-32.58090136921009],[24.49267487524317,-32.605407991879524],[24.545286335713683,-32.56208994758355],[24.566012062565704,-32.566231911978385],[24.57737135516729,-32.523604195081546],[24.55664562831527,-32.515665429991444],[24.564019204214546,-32.47821516858815],[24.589727076944456,-32.443871380480985],[24.696145712896172,-32.406938864627044],[24.67143426934184,-32.37949835051126],[24.69455142621525,-32.354128818592905],[24.694750712050364,-32.37449347686751],[24.701725716279405,-32.38208707825804],[24.761312180978962,-32.377599950163635],[24.79519077294861,-32.40918242867424],[24.81372435561436,-32.380533841609974],[24.82329007569991,-32.38312256935674],[24.825880791556408,-32.36914343952418],[24.806550065550198,-32.358098201137956],[24.81631507147086,-32.35309332749419],[24.814920070625053,-32.34549972610367],[24.827873649907566,-32.34981427234828],[24.823090789864793,-32.33013994147282],[24.843617230881698,-32.32323666748143],[24.86015795519629,-32.32962219592347],[24.87410796365438,-32.318576957537246],[24.893239403825476,-32.31650597533982],[24.906192983107985,-32.304942991404246],[24.921936564082117,-32.31012044689779],[24.93170157000278,-32.28371542388072],[24.929110854146277,-32.2624878563572],[24.949637295163182,-32.241260288833665],[24.980327313770978,-32.258863637511716],[25.003245184809273,-32.25040712687226],[25.01859019411317,-32.254549091267094],[25.024170197496407,-32.26421367485504],[25.045892353524003,-32.26662982075203],[25.05505950193932,-32.28009120503524],[25.078176658812726,-32.27353309474342],[25.12839668926185,-32.291136443421465],[25.16765599877962,-32.32875928667455],[25.185990295610253,-32.323754413030784],[25.2134917408562,-32.33669805176464],[25.21448817003178,-32.34670779905216],[25.232822466862412,-32.33859645211228],[25.278658208938992,-32.34549972610367],[25.309547513381908,-32.3133995020437],[25.36335468886311,-32.30666880990209],[25.360166115501265,-32.340840016159476],[25.382884700704437,-32.34670779905216],[25.407795430093884,-32.373975731318154],[25.41736115017943,-32.37449347686751],[25.398827567513685,-32.41297922936951],[25.42035043770617,-32.423334140356594],[25.494684054204278,-32.41263406566994],[25.512619779364677,-32.39830977213781],[25.53414264955716,-32.39451297144254],[25.574398388250508,-32.45785051031355],[25.591935541740675,-32.45854083771269],[25.604689835188072,-32.45181014557108],[25.621629131172895,-32.456815019214844],[25.64494557388142,-32.479768405236214],[25.655109151472313,-32.506863755652425],[25.68998417261754,-32.49909757241211],[25.69895203519774,-32.52205095843348],[25.785641373473013,-32.53792848861368],[25.797399237744834,-32.477179677489445],[25.833868545570983,-32.49046847992287],[25.858380703290198,-32.49202171657093],[25.93430860646923,-32.476144186390734],[25.92992431809669,-32.49461044431771],[25.939888609852467,-32.5387913978626],[25.959219335858677,-32.55208020029603],[25.976557203513735,-32.54586725370378],[26.026577948127745,-32.54655758110292],[26.02837152064378,-32.5399994708111],[26.08078369527918,-32.54655758110292],[26.095331561242617,-32.55863831058785],[26.09413584623192,-32.5648512571801],[26.12123871980764,-32.58021104181095],[26.127217294861108,-32.595398244592005],[26.074007976885248,-32.63819854333863],[26.047702246649994,-32.632848505995305],[26.047303674979762,-32.65424865536861],[26.026777233962857,-32.67012618554881],[26.06404368512947,-32.685658552029444],[26.031958665675862,-32.76401071183172],[26.0490972474958,-32.780751151260844],[26.066036543480628,-32.7869640978531],[26.0951322754075,-32.764355875531294],[26.109281569700705,-32.765046202930435],[26.10908228386559,-32.76953333102484],[26.17943018366139,-32.76349296628237],[26.2051380563913,-32.74951383644981],[26.20812734391803,-32.76953333102484],[26.240411649206752,-32.79300446259557],[26.245792366754873,-32.8152675212178],[26.189992332922515,-32.81216104792168],[26.165679461038415,-32.844433853831426],[26.170263035246073,-32.85634200146657],[26.180426612836968,-32.844606435681214],[26.186803759560664,-32.86255494805883],[26.183216614528583,-32.86928564020043],[26.194376621295056,-32.8651436758056],[26.200355196348525,-32.850646800423675],[26.210319488104304,-32.86324527545796],[26.226461640748663,-32.85996622031205],[26.21988520818985,-32.87825989638924],[26.236226646669326,-32.871184040548066],[26.26073880438854,-32.890858371423526],[26.2653223785962,-32.87825989638924],[26.275485956187094,-32.88136636968537],[26.285051676272644,-32.8991423002132],[26.27488809868175,-32.936937725316064]]]}},{"type":"Feature","id":"EC104","properties":{"MuniCode":"EC104","SourceUnits":"EC104"},"geometry":{"type":"Polygon","coordinates":[[[26.380708877128114,-33.56254693078584],[26.329492417503417,-33.527512815279536],[26.301193828917004,-33.517330486142235],[26.26352880608016,-33.520264377588575],[26.24519450924953,-33.50283361076031],[26.219287350684503,-33.52199019608642],[26.23104521495632,-33.529411215627164],[26.16667589021399,-33.51301593989761],[26.159900171820063,-33.52958379747695],[26.109281569700705,-33.54131936326232],[26.13200015490388,-33.48160604323679],[26.09114655870519,-33.486956080580114],[26.084171554476143,-33.47556567849432],[26.062847970118774,-33.48108829768743],[26.051289391682076,-33.4747027692454],[26.05407939337369,-33.46003331201369],[26.048499389990454,-33.444328363683276],[26.0618515409432,-33.43276537974769],[26.03694081155375,-33.42344595985932],[26.042321529101873,-33.40256355603536],[26.036741525718636,-33.39479737279505],[26.047303674979762,-33.381163406662054],[26.063246541789006,-33.33318565242189],[26.038933669904907,-33.33249532502275],[25.98791649611532,-33.30660804755503],[26.008243651297107,-33.27795946049076],[26.01641437053685,-33.2503463645252],[25.970777914295383,-33.23291559769694],[25.98333292190766,-33.20443959248245],[25.968785055944224,-33.2004702099374],[25.981937921061856,-33.179587806113446],[25.948258614927322,-33.172684532122055],[25.962607195055643,-33.110037320650186],[25.972970058481653,-33.09726626376611],[25.990905783642056,-33.099854991512885],[26.00904079463757,-33.08777426202795],[26.015218655526155,-33.07569353254301],[26.021595802249855,-33.08190647913526],[26.03534652487283,-33.05860792941432],[26.02438580394147,-33.05274014652164],[26.093537988726574,-32.99371715389525],[26.09612870458308,-32.983017079208594],[26.133993013255036,-32.9659314760799],[26.135587299935963,-32.960236275037005],[26.299001684730733,-32.93210543352209],[26.35858814943029,-32.934521579419076],[26.3625738661326,-32.963515330182915],[26.388082453027394,-32.973352495620645],[26.43949819848721,-32.94435874485681],[26.45265106360484,-32.963687912032704],[26.462216783690387,-32.96213467538464],[26.462814641195735,-32.95247009179669],[26.468195358743856,-32.951089436998416],[26.472181075446166,-32.97248958637172],[26.484935368893563,-32.9818090062601],[26.494700374814226,-32.97852995111419],[26.497490376505844,-32.94884587295121],[26.512835385809744,-32.94263292635896],[26.52339753507087,-32.960926602436146],[26.51602395917159,-32.98853969840171],[26.52060753337925,-32.99233649909697],[26.541532546066385,-32.97904769666354],[26.56425113126956,-32.990955844298696],[26.574016137190224,-32.98871228025149],[26.57999471224369,-32.96213467538464],[26.58856400315366,-32.95816529283959],[26.595539007382705,-32.99302682649611],[26.582983999770427,-33.009594684075445],[26.587567573978085,-33.01753344916555],[26.622841166793542,-32.99699620904116],[26.6300154568577,-33.00424464673212],[26.626627597660736,-33.019604431362964],[26.640976177789057,-33.033065815646175],[26.63679117525163,-33.04911592767616],[26.65213618455553,-33.04842560027702],[26.662698333816653,-33.029441596800694],[26.67106833889151,-33.0316851608479],[26.690598350732834,-33.05636436536712],[26.713914793441354,-33.04048683518692],[26.723679799362017,-33.05274014652164],[26.736434092809418,-33.05567403796798],[26.75377196046447,-33.029441596800694],[26.77947983319438,-33.03461905229424],[26.78585697991808,-32.992854244646324],[26.798411987530358,-32.99112842614848],[26.80239770423267,-33.00096559158621],[26.796817700849434,-33.040141671487355],[26.793230555817352,-33.053603055770566],[26.77190697145999,-33.07828226028978],[26.77549411649207,-33.08846458942709],[26.787451266599003,-33.08156131543569],[26.812959853493794,-33.035999707092515],[26.82551486110608,-33.039451344088214],[26.82890272030304,-33.069480585950764],[26.839066297893936,-33.08121615173613],[26.852219163011565,-33.07845484213957],[26.856802737219223,-33.049633673225514],[26.86457488478873,-33.04480138143154],[26.873742033204046,-33.053603055770566],[26.877329178236128,-33.07517578699366],[26.857998452229914,-33.1019259737103],[26.852617734681797,-33.12626001452995],[26.847237017133676,-33.13178263372306],[26.83767129704813,-33.12194546828533],[26.82053271522819,-33.129193905976294],[26.828703434467926,-33.14938598240111],[26.83767129704813,-33.155081183444004],[26.837472011213013,-33.17423776877011],[26.86238274060246,-33.17768940576581],[26.865770599799426,-33.18321202495893],[26.85461059303295,-33.192704026697086],[26.840062727069515,-33.194947590744285],[26.843251300431362,-33.204957338031804],[26.87254631819335,-33.20323151953396],[26.872745604028466,-33.19304919039666],[26.879322036587283,-33.19063304449967],[26.87673132073078,-33.17164904102334],[26.893670616715603,-33.17026838622507],[26.898652762593493,-33.19805406404041],[26.91758491692947,-33.20150570103611],[26.92794778035548,-33.194947590744285],[26.92455992115852,-33.16509093073152],[26.955050653931202,-33.169060313276574],[26.960032799809092,-33.17285711397184],[26.953057795580044,-33.178552315014734],[26.95684422644724,-33.19097820819924],[26.97896495414507,-33.22014454081286],[26.959036370633513,-33.235159161744136],[26.990523532581772,-33.234986579894354],[27.00825997190706,-33.25051894637498],[27.005669256050556,-33.26259967585992],[26.981356384166457,-33.25379800152089],[26.971192806575562,-33.258457711465084],[26.96900066238929,-33.26760454950367],[26.929741352871524,-33.26432549435776],[26.925954922004326,-33.26743196765389],[26.94389064716473,-33.27260942314743],[26.90921491185462,-33.29435473622031],[26.890083471683525,-33.28382724338344],[26.883706324959824,-33.30798870235331],[26.862980598107804,-33.307470956803954],[26.801799846727324,-33.284690152632365],[26.79083912579597,-33.31333873969664],[26.766326968076754,-33.30367415610869],[26.75656196215609,-33.32610979658071],[26.797216272519666,-33.34630187300553],[26.791835554971545,-33.353895474396055],[26.735039091963607,-33.33836310791543],[26.719694082659707,-33.352342237748],[26.72009265432994,-33.378402097065496],[26.724676228537597,-33.37874726076507],[26.723879085197133,-33.37132624122432],[26.73045551775595,-33.37615853301829],[26.720889797670402,-33.38651344400538],[26.713117650100894,-33.39151831764914],[26.70076192832373,-33.38823926250323],[26.693986209929797,-33.39583286389376],[26.681032630647287,-33.38582311660624],[26.682228345657983,-33.397386100541816],[26.673459768912895,-33.3953151183444],[26.67365905474801,-33.407050684129764],[26.664890478002924,-33.40308130158471],[26.617659735080537,-33.42499919650738],[26.640577606118825,-33.45951556646433],[26.654328328741798,-33.46848982265314],[26.634599031065356,-33.48919964462731],[26.627225455166084,-33.490580299425595],[26.626826883495852,-33.48523026208227],[26.59394472070178,-33.49144320867452],[26.535753256848032,-33.57272925992314],[26.50446538073489,-33.57152118697465],[26.50705609659139,-33.56202918523648],[26.524593250081562,-33.559440457489714],[26.51662181667694,-33.550121037601336],[26.510244669953238,-33.55270976534811],[26.513233957479976,-33.54408067285887],[26.49888537735165,-33.54235485436102],[26.497888948176076,-33.5494307102022],[26.489319657266105,-33.5494307102022],[26.47696393548894,-33.539248381064894],[26.47417393379732,-33.546151655056285],[26.461818212020155,-33.54528874580736],[26.464408927876658,-33.53458867112071],[26.457234637812498,-33.53027412487609],[26.415384612438228,-33.54080161771296],[26.414587469097764,-33.55754205714208],[26.381306734633462,-33.55840496639101],[26.380708877128114,-33.56254693078584]]]}},{"type":"Feature","id":"EC105","properties":{"MuniCode":"EC105","SourceUnits":"EC105"},"geometry":{"type":"Polygon","coordinates":[[[26.55847184205121,-33.74824500115425],[26.462814641195735,-33.75652892994392],[26.46161892618504,-33.705272120557844],[26.440295341827674,-33.699059173965594],[26.38828173886251,-33.70717052090548],[26.347826714334047,-33.689912335927],[26.35978386444098,-33.64331523648511],[26.34503671264243,-33.64400556388425],[26.3318838475248,-33.63313290734781],[26.352011716871473,-33.61104243057536],[26.344040283466853,-33.61017952132644],[26.34862385767451,-33.6037939928844],[26.375527445415113,-33.602240756236334],[26.381306734633462,-33.55840496639101],[26.414587469097764,-33.55754205714208],[26.415384612438228,-33.54080161771296],[26.457234637812498,-33.53027412487609],[26.464408927876658,-33.53458867112071],[26.461818212020155,-33.54528874580736],[26.47417393379732,-33.546151655056285],[26.47696393548894,-33.539248381064894],[26.489319657266105,-33.5494307102022],[26.497888948176076,-33.5494307102022],[26.49888537735165,-33.54235485436102],[26.513233957479976,-33.54408067285887],[26.510244669953238,-33.55270976534811],[26.51662181667694,-33.550121037601336],[26.524593250081562,-33.559440457489714],[26.50705609659139,-33.56202918523648],[26.50446538073489,-33.57152118697465],[26.535753256848032,-33.57272925992314],[26.59394472070178,-33.49144320867452],[26.626826883495852,-33.48523026208227],[26.627225455166084,-33.490580299425595],[26.634599031065356,-33.48919964462731],[26.654328328741798,-33.46848982265314],[26.640577606118825,-33.45951556646433],[26.617659735080537,-33.42499919650738],[26.664890478002924,-33.40308130158471],[26.67365905474801,-33.407050684129764],[26.673459768912895,-33.3953151183444],[26.682228345657983,-33.397386100541816],[26.681032630647287,-33.38582311660624],[26.693986209929797,-33.39583286389376],[26.70076192832373,-33.38823926250323],[26.713117650100894,-33.39151831764914],[26.720889797670402,-33.38651344400538],[26.73045551775595,-33.37615853301829],[26.723879085197133,-33.37132624122432],[26.724676228537597,-33.37874726076507],[26.72009265432994,-33.378402097065496],[26.719694082659707,-33.352342237748],[26.735039091963607,-33.33836310791543],[26.791835554971545,-33.353895474396055],[26.797216272519666,-33.34630187300553],[26.75656196215609,-33.32610979658071],[26.766326968076754,-33.30367415610869],[26.79083912579597,-33.31333873969664],[26.801799846727324,-33.284690152632365],[26.862980598107804,-33.307470956803954],[26.883706324959824,-33.30798870235331],[26.890083471683525,-33.28382724338344],[26.90921491185462,-33.29435473622031],[26.94389064716473,-33.27260942314743],[26.925954922004326,-33.26743196765389],[26.929741352871524,-33.26432549435776],[26.986338530044346,-33.27002069540066],[27.000687110172667,-33.28658855298],[27.0036763976994,-33.301948337610845],[26.998494965986396,-33.3307695065249],[26.983548528352728,-33.34267765416005],[26.98534210086877,-33.35613903844326],[27.006067827720788,-33.36839234977798],[27.020615693684224,-33.39548770019419],[27.0433342788874,-33.41188297592374],[27.055690000664566,-33.4372525078421],[27.068842865782194,-33.443983199983705],[27.078209300032626,-33.470043059301204],[27.134607191370332,-33.493514190871934],[27.13560362054591,-33.503696520009235],[27.11089217699158,-33.52526925123233],[27.058480002356184,-33.536314489618555],[27.041739992206473,-33.54770489170435],[27.042736421382052,-33.55426300199617],[27.01543426197122,-33.5618566033867],[27.008459257742174,-33.57065827772573],[26.937314214605912,-33.58153093426216],[26.866767028975,-33.626402215206205],[26.73543766363384,-33.655913711519396],[26.69577978244584,-33.682318734536466],[26.649146897028793,-33.699231755815376],[26.625830454320273,-33.719078668540625],[26.599923295755246,-33.72097706888826],[26.55847184205121,-33.74824500115425]]]}},{"type":"Feature","id":"EC106","properties":{"MuniCode":"EC106","SourceUnits":"EC106"},"geometry":{"type":"Polygon","coordinates":[[[26.380708877128114,-33.56254693078584],[26.375527445415113,-33.602240756236334],[26.34862385767451,-33.6037939928844],[26.344040283466853,-33.61017952132644],[26.352011716871473,-33.61104243057536],[26.3318838475248,-33.63313290734781],[26.34503671264243,-33.64400556388425],[26.35978386444098,-33.64331523648511],[26.347826714334047,-33.689912335927],[26.38828173886251,-33.70717052090548],[26.440295341827674,-33.699059173965594],[26.46161892618504,-33.705272120557844],[26.462814641195735,-33.75652892994392],[26.52997396762968,-33.75411278404693],[26.46839464457897,-33.77344195122283],[26.38011101962277,-33.75946282139026],[26.324111699955296,-33.76791933202971],[26.286446677118448,-33.761878967287245],[26.188398046241588,-33.7261545243818],[26.07879083692802,-33.70682535720591],[25.960614336704488,-33.70820601200418],[25.849014269039767,-33.72253030553632],[25.86814570921086,-33.69940433766516],[25.849811412380227,-33.66540571325756],[25.79161994852648,-33.68369938933475],[25.792417091866945,-33.6943994640214],[25.780061370089776,-33.692328481823985],[25.738012058880393,-33.655741129669615],[25.736816343869698,-33.6298538522019],[25.707720611942825,-33.62053443231352],[25.701742036889357,-33.62778287000448],[25.687991314266384,-33.6015504288372],[25.678624880015953,-33.606037556931604],[25.675237020818987,-33.61794570456675],[25.68221202504803,-33.6184634501161],[25.683607025893842,-33.62519414225771],[25.679422023356413,-33.62847319740362],[25.668062730754826,-33.61432148572127],[25.627009848721016,-33.60897144837794],[25.631593422928674,-33.59154068154968],[25.55805694977103,-33.59620039149387],[25.555864805584758,-33.62812803370405],[25.493886910863814,-33.61156017612471],[25.507637633486787,-33.57169376882443],[25.43768830536122,-33.553054929047676],[25.40440757089692,-33.56168402153692],[25.346216107043173,-33.55702431159273],[25.321106091818613,-33.62156992341223],[25.339440388649244,-33.62881836110319],[25.336251815287394,-33.636584544343506],[25.308152512536097,-33.637792617292],[25.347810393724096,-33.67092833245067],[25.33067181190416,-33.689049426678075],[25.350401109580602,-33.70199306541193],[25.350201823745486,-33.715109285995574],[25.337248244462973,-33.70941408495268],[25.327283952707194,-33.725981942532016],[25.29499964741847,-33.71407379489687],[25.302572509152863,-33.712002812699446],[25.301376794142172,-33.70302855651064],[25.266900344667174,-33.69750593731753],[25.275469635577146,-33.68887684482829],[25.249163905341888,-33.682836480085825],[25.239996756926573,-33.69129299072527],[25.253348907879314,-33.691638154424844],[25.301576079977284,-33.72649968808137],[25.285035355662693,-33.75342245664779],[25.30496393917425,-33.762051549137034],[25.299782507461245,-33.77085322347605],[25.27327749139087,-33.77344195122283],[25.261519627119057,-33.802090538287096],[25.235014611048683,-33.83695207194362],[25.152510275310835,-33.807785739329994],[25.08794166473339,-33.79794857389226],[25.081365232174576,-33.78673075365625],[25.03612734760334,-33.765330604282944],[25.033536631746838,-33.754975693295854],[24.994078036393955,-33.73443845317147],[24.975544453728205,-33.71648994079385],[24.908584413129375,-33.689049426678075],[24.829467936588493,-33.642624909085974],[24.830065794093837,-33.628645779253404],[24.72922716152536,-33.61086984872558],[24.73082144820628,-33.62036185046374],[24.63416781817523,-33.59689071889301],[24.646124968282162,-33.57083085957551],[24.673028556022764,-33.57152118697465],[24.70192500211452,-33.51456917654568],[24.80435792136393,-33.53821288996619],[24.808941495571588,-33.506802993305364],[24.79798077464023,-33.483504443584415],[24.81691292897621,-33.43897832633995],[24.841823658365655,-33.40877650262762],[24.84301937337635,-33.3828892251599],[24.850392949275626,-33.378056933365926],[24.839631514179384,-33.35182449219864],[24.87171653363299,-33.275025569044416],[24.88068439621319,-33.27761429679119],[24.880285824542963,-33.25742222036637],[24.971957308696126,-33.27088360464958],[24.97773659791448,-33.25655931111745],[25.13477383598555,-33.295045063619455],[25.131784548458818,-33.25017378267541],[25.178218148040745,-33.251727019323475],[25.18120743556748,-33.26294483955949],[25.21488674170201,-33.25655931111745],[25.315725374270492,-33.25983836626336],[25.450641884643733,-33.28348207968387],[25.514612637715835,-33.27381749609592],[25.608077694385038,-33.28123851563667],[25.633586281279833,-33.3069532112546],[25.697756320187047,-33.285380480031506],[25.789627090175323,-33.28451757078258],[25.83267283056029,-33.291593426623756],[25.847419982358844,-33.302293501310416],[25.84961212654511,-33.294699899919884],[25.92813074558065,-33.31368390339621],[25.96898434177934,-33.315409721894056],[25.98791649611532,-33.30660804755503],[26.038933669904907,-33.33249532502275],[26.063246541789006,-33.33318565242189],[26.047303674979762,-33.381163406662054],[26.036741525718636,-33.39479737279505],[26.042321529101873,-33.40256355603536],[26.03694081155375,-33.42344595985932],[26.0618515409432,-33.43276537974769],[26.048499389990454,-33.444328363683276],[26.05407939337369,-33.46003331201369],[26.051289391682076,-33.4747027692454],[26.062847970118774,-33.48108829768743],[26.084171554476143,-33.47556567849432],[26.09114655870519,-33.486956080580114],[26.13200015490388,-33.48160604323679],[26.109281569700705,-33.54131936326232],[26.159900171820063,-33.52958379747695],[26.16667589021399,-33.51301593989761],[26.23104521495632,-33.529411215627164],[26.219287350684503,-33.52199019608642],[26.24519450924953,-33.50283361076031],[26.26352880608016,-33.520264377588575],[26.301193828917004,-33.517330486142235],[26.329492417503417,-33.527512815279536],[26.380708877128114,-33.56254693078584]]]}},{"type":"Feature","id":"EC108","properties":{"MuniCode":"EC108","SourceUnits":"EC108"},"geometry":{"type":"Polygon","coordinates":[[[24.44504556065055,-34.14363001901115],[24.457799854097946,-34.10842332165506],[24.454013423230748,-34.10635233945764],[24.46178557080026,-34.09789582881819],[24.514994888776116,-34.11083946755205],[24.5237634655212,-34.08564251748347],[24.4930734469134,-34.04301480058663],[24.523962751356315,-34.04042607283986],[24.570595636773362,-34.063206877011446],[24.581157786034485,-34.07839407979251],[24.60786208793997,-34.06113589481403],[24.603677085402545,-34.054750366372],[24.62201138223318,-34.049745492728235],[24.604673514578124,-34.046984183131684],[24.620417095552256,-34.013848467973006],[24.534724186452557,-33.983991807960244],[24.542695619857177,-33.96621587743241],[24.494667733594326,-33.95102867465135],[24.494269161924095,-33.93187208932524],[24.51778489046773,-33.887691135780344],[24.56481634755501,-33.90201542931248],[24.57278778095963,-33.887518553930555],[24.57737135516729,-33.89856379231678],[24.59351350781165,-33.861803858312626],[24.6325735314943,-33.874402333346914],[24.66186854925629,-33.80726799378064],[24.577969212672635,-33.791217881750654],[24.543891334867872,-33.77378711492239],[24.510610600403574,-33.78604042625712],[24.499649879472216,-33.778446824866585],[24.505229882855453,-33.74410303675941],[24.525357752202126,-33.7261545243818],[24.536717044803712,-33.72649968808137],[24.53811204564952,-33.69612528251925],[24.546282764889263,-33.689394590377645],[24.535322043957905,-33.66281698551079],[24.563222060874082,-33.6343409802963],[24.59849565368954,-33.65712178446789],[24.670637126001377,-33.635549053244794],[24.67103569767161,-33.63071676145083],[24.71388215222146,-33.6343409802963],[24.73082144820628,-33.62036185046374],[24.72922716152536,-33.61086984872558],[24.830065794093837,-33.628645779253404],[24.829467936588493,-33.642624909085974],[24.908584413129375,-33.689049426678075],[24.975544453728205,-33.71648994079385],[24.994078036393955,-33.73443845317147],[25.033536631746838,-33.754975693295854],[25.03612734760334,-33.765330604282944],[25.081365232174576,-33.78673075365625],[25.08794166473339,-33.79794857389226],[25.152510275310835,-33.807785739329994],[25.235014611048683,-33.83695207194362],[25.225847462633368,-33.851966692874896],[25.246971761155617,-33.8631845131109],[25.218673172569204,-33.87630073369455],[25.263711771305324,-33.88682822653142],[25.2134917408562,-33.883894335085074],[25.200737447408805,-33.89925411971592],[25.192168156498834,-33.92168976018794],[25.208708880813425,-33.92168976018794],[25.224452461787557,-33.93946569071577],[25.227840320984523,-33.95361740239812],[25.21209674001039,-33.964317477084776],[25.221463174260826,-33.970703005526815],[25.13616883683136,-33.96259165858693],[25.03214163090103,-33.970357841827244],[24.975145882057973,-33.98519988090874],[24.936883001715785,-34.00556453918334],[24.9281144249707,-34.01557428647085],[24.934093000024166,-34.0331776351489],[24.92233513575235,-34.079774734590785],[24.84301937337635,-34.14155903681373],[24.832257938280108,-34.16761889613123],[24.86832867443603,-34.196612646895076],[24.83943222834427,-34.19764813799378],[24.833852224961035,-34.205069157534524],[24.83763865582823,-34.21369825002377],[24.795589344618843,-34.19764813799378],[24.77227290191032,-34.198511047242704],[24.7336114498979,-34.186085154058205],[24.714878581397038,-34.19367875544873],[24.6939535687099,-34.19022711845304],[24.64552711077682,-34.172796351624775],[24.613641377158324,-34.17659315232004],[24.607264230434623,-34.19074486400239],[24.554054912458767,-34.17555766122133],[24.493272732748515,-34.1679640598308],[24.44504556065055,-34.14363001901115]]]}},{"type":"Feature","id":"EC109","properties":{"MuniCode":"EC109","SourceUnits":"EC109"},"geometry":{"type":"Polygon","coordinates":[[[23.39500849542659,-33.79259853654894],[23.430082802406933,-33.76170638543746],[23.439847808327595,-33.71735285004278],[23.475320686978165,-33.71769801374234],[23.541284298401422,-33.699576919514946],[23.541682870071654,-33.68300906193561],[23.555433592694627,-33.672999314648095],[23.556430021870206,-33.65159916527478],[23.58592432546731,-33.672826732798306],[23.670421519556314,-33.672481569098736],[23.67500509376397,-33.62588446965685],[23.619802917436957,-33.59154068154968],[23.616813629910226,-33.570313114026156],[23.646905791012674,-33.57825187911625],[23.722235836686362,-33.6174279590174],[23.767075149587367,-33.609144030227725],[23.80474017242421,-33.63468614399587],[23.842803766931283,-33.65039109232629],[23.961976696330396,-33.67041058690132],[24.060822470547723,-33.69836884656645],[24.05723532551564,-33.725981942532016],[24.187767547516344,-33.764812858733585],[24.241375437162432,-33.74289496381092],[24.262898307354913,-33.7442756186092],[24.29099761010621,-33.711830230849664],[24.3228833437247,-33.72028674148912],[24.370512658317324,-33.70406404760935],[24.355167649013424,-33.73340296207276],[24.42292483295272,-33.758772493991124],[24.473344149236958,-33.765158022433155],[24.510610600403574,-33.78604042625712],[24.543891334867872,-33.77378711492239],[24.577969212672635,-33.791217881750654],[24.66186854925629,-33.80726799378064],[24.6325735314943,-33.874402333346914],[24.59351350781165,-33.861803858312626],[24.57737135516729,-33.89856379231678],[24.57278778095963,-33.887518553930555],[24.56481634755501,-33.90201542931248],[24.51778489046773,-33.887691135780344],[24.494269161924095,-33.93187208932524],[24.494667733594326,-33.95102867465135],[24.542695619857177,-33.96621587743241],[24.534724186452557,-33.983991807960244],[24.620417095552256,-34.013848467973006],[24.604673514578124,-34.046984183131684],[24.62201138223318,-34.049745492728235],[24.603677085402545,-34.054750366372],[24.60786208793997,-34.06113589481403],[24.581157786034485,-34.07839407979251],[24.570595636773362,-34.063206877011446],[24.523962751356315,-34.04042607283986],[24.4930734469134,-34.04301480058663],[24.5237634655212,-34.08564251748347],[24.514994888776116,-34.11083946755205],[24.46178557080026,-34.09789582881819],[24.454013423230748,-34.10635233945764],[24.457799854097946,-34.10842332165506],[24.44504556065055,-34.14363001901115],[24.431693409697807,-34.13016863472794],[24.38107480757845,-34.102900702461945],[24.311324765288,-34.10203779321302],[24.21626542193787,-34.07338920614875],[24.19374612256981,-34.059927821865536],[24.189561120032383,-34.067003677706715],[24.12877894032213,-34.05820200336769],[24.120010363577048,-34.06251654961231],[23.90338666080642,-34.02903567075406],[23.8916287965346,-34.03283247144933],[23.84659019779848,-34.027137270406435],[23.75073371110789,-34.00504679363398],[23.644713646826403,-33.98951442715335],[23.6459093618371,-33.96241907673715],[23.63455006923551,-33.95206416575006],[23.636941499256896,-33.9346333989218],[23.644713646826403,-33.931009180076316],[23.639532215113398,-33.90978161255279],[23.657667226108916,-33.90494932075882],[23.647702934353138,-33.8926960094241],[23.682976527168595,-33.883894335085074],[23.703303682350384,-33.86404742235983],[23.62020148910719,-33.84316501853587],[23.60804505316514,-33.83298268939857],[23.562010025253443,-33.82901330685352],[23.55742645104578,-33.79346144579786],[23.518764999033362,-33.782071043712065],[23.488074980425562,-33.791563045450225],[23.48907140960114,-33.80761315748021],[23.39500849542659,-33.79259853654894]]]}},{"type":"Feature","id":"EC121","properties":{"MuniCode":"EC121","SourceUnits":"EC121"},"geometry":{"type":"Polygon","coordinates":[[[29.093387664721305,-32.059359019160524],[29.086811232162496,-32.06678003870127],[29.088405518843416,-32.07851560448663],[29.075053367890675,-32.08162207778276],[29.06688264865094,-32.09818993536209],[29.021445478244587,-32.1207981576839],[28.99294760382306,-32.165496856778155],[28.95010114927321,-32.1989777356364],[28.949901863438093,-32.21071330142176],[28.925987563224226,-32.22676341345175],[28.920606845676105,-32.24074254328431],[28.89709111713247,-32.24695548987656],[28.882343965333916,-32.27991862318545],[28.85544037759331,-32.298384881112426],[28.83172536321456,-32.3054607369536],[28.810601064692307,-32.33272866921959],[28.7848931919624,-32.34273841650711],[28.772537470185235,-32.36051434703494],[28.75101459999275,-32.375701549816],[28.74702888329044,-32.39226940739534],[28.724111012252152,-32.40245173653264],[28.67548526848395,-32.44853109042517],[28.659940973344934,-32.44076490718486],[28.609123085390465,-32.43455196059261],[28.589194501878907,-32.42126315815918],[28.601350937820953,-32.42229864925789],[28.590190931054483,-32.410563083472525],[28.59696664944841,-32.404177555030486],[28.573450920904776,-32.40538562797898],[28.581023782639168,-32.40003559063565],[28.568070203356655,-32.38484838785459],[28.546945904834402,-32.39209682554555],[28.548739477350445,-32.383985478605666],[28.560895913292494,-32.37915318681169],[28.549337334855792,-32.370524094322455],[28.555913767414605,-32.35309332749419],[28.543159473967208,-32.344464235004956],[28.54953662069091,-32.337733542863354],[28.53757947058397,-32.32220117638272],[28.521238032104495,-32.32306408563165],[28.50489659362502,-32.31167368354585],[28.499715161912015,-32.314952738691765],[28.5110744545136,-32.321165685284015],[28.496925160220396,-32.32824154112519],[28.484370152608115,-32.311155937996496],[28.473608717511873,-32.327723795575835],[28.430961548797143,-32.33566256066594],[28.416015111163475,-32.32323666748143],[28.391104381774028,-32.31529790239133],[28.391901525114488,-32.304425245854894],[28.37077722659224,-32.29010095232275],[28.36380222236319,-32.271116948846434],[28.31677076527592,-32.24350385288087],[28.272728595715375,-32.247990980975274],[28.281297886625346,-32.23332152374357],[28.270337165693988,-32.22538275865347],[28.27213073821003,-32.2136471928681],[28.289468605865082,-32.21433752026724],[28.294251465907855,-32.19742449898833],[28.304215757663634,-32.188277660949744],[28.27791002742838,-32.16946623932321],[28.252800012203817,-32.17326304001847],[28.246821437150352,-32.155487109490636],[28.251205725522894,-32.1128593925938],[28.24144071960223,-32.09974317201016],[28.25140501135801,-32.06850585719911],[28.240842862096883,-32.052455745169134],[28.231277142011336,-32.05746061881289],[28.204174268435615,-32.052455745169134],[28.187234972450796,-32.025878140302275],[28.165114244752964,-32.03174592319496],[28.15634566800788,-32.05538963661547],[28.136417084496323,-32.06177516505751],[28.082410623180003,-32.05435414551677],[28.06128632465775,-32.06574454760256],[28.047137030364546,-32.05366381811763],[28.018838441778133,-32.043136325280756],[28.046339887024082,-32.04089276123355],[28.06407632634937,-32.01724904781304],[28.125057791894733,-31.996884389538437],[28.141399230374212,-31.982560096006303],[28.17886496737594,-31.967545475075028],[28.17926353904617,-31.95857121888622],[28.16890067562016,-31.952358272293967],[28.173284963992703,-31.949596962697413],[28.18504282826452,-31.956500236688804],[28.183249255748482,-31.96616482027675],[28.192217118328685,-31.96046961923385],[28.194608548350068,-31.966337402126534],[28.20895712847839,-31.94562758015236],[28.209554985983736,-31.928369395173885],[28.236259287889226,-31.869346402547496],[28.224501423617404,-31.86088989190804],[28.229483569495294,-31.85536727271493],[28.237455002899917,-31.86158021930718],[28.23506357287853,-31.83724617848753],[28.24901358133662,-31.796516861938322],[28.270137879858872,-31.791166824594995],[28.268145021507717,-31.80221206298122],[28.279305028274187,-31.80065882633316],[28.27791002742838,-31.815155701715078],[28.28289217330627,-31.816881520212924],[28.286877890008583,-31.80549111812713],[28.30541147267433,-31.828271922298722],[28.304215757663634,-31.844839779878058],[28.311190761892682,-31.848291416873753],[28.327731486207274,-31.83776392403688],[28.327332914537042,-31.828271922298722],[28.352044358091373,-31.82861708599829],[28.365994366549465,-31.847255925775045],[28.369980083251775,-31.834830032590542],[28.382535090864057,-31.835692941839465],[28.386520807566367,-31.840007488084083],[28.38014366084267,-31.85726567306256],[28.401068673529807,-31.850017235371602],[28.41780868367951,-31.862097964856535],[28.407645106088616,-31.871417384744912],[28.408242963593963,-31.879183567985226],[28.42737440376506,-31.87020931179642],[28.42617868875437,-31.887467496774896],[28.44252012723384,-31.897649825912197],[28.440327983047574,-31.90817731874907],[28.44730298727662,-31.919567720834863],[28.460655138229363,-31.92491775817819],[28.475402290027915,-31.90973055539713],[28.47719586254395,-31.91870481158594],[28.46782942829352,-31.929232304422808],[28.471217287490486,-31.93371943251721],[28.504099450284556,-31.92992263182195],[28.515458742886146,-31.934064596216782],[28.51027731117314,-31.952013108594397],[28.47719586254395,-31.95356634524246],[28.46523871243702,-31.9678906387746],[28.469423714974447,-31.974276167216633],[28.48995015599135,-31.969098711723092],[28.522633032950303,-31.973240676117925],[28.53100303802516,-31.96840838432395],[28.52143731793961,-31.95719056408794],[28.531600895530506,-31.957708309637297],[28.546547333164174,-31.98497624190329],[28.54216304479163,-31.98860046074877],[28.522633032950303,-31.97997136825953],[28.523828747960998,-31.993605334392527],[28.544355188977903,-31.994295661791668],[28.558305197435992,-31.979281040860393],[28.58899521604379,-32.00016344468435],[28.5903902168896,-31.988082715199415],[28.579030924288013,-31.970997112070723],[28.586005928517057,-31.967372893225242],[28.61191308708208,-31.98428591450415],[28.61111594374162,-31.992397261444033],[28.60155022365607,-31.996366643989084],[28.6262616672104,-31.99515857104059],[28.627855953891327,-32.00188926318219],[28.602148081161417,-32.003097336130686],[28.59895950779957,-32.010863519371],[28.643798820700574,-32.02432490365422],[28.67827527017557,-31.99809246248693],[28.657748829158663,-31.99343275254274],[28.67767741267022,-31.978418131611466],[28.66293026087167,-31.978763295311037],[28.66293026087167,-31.965819656577178],[28.679470985186263,-31.95632765483902],[28.698801711192473,-31.959261546285358],[28.692225278633657,-31.986184314851783],[28.702787427894783,-31.98135202305781],[28.706374572926862,-31.98652947855135],[28.70099385537874,-31.993605334392527],[28.709961717958944,-31.99809246248693],[28.71016100379406,-32.0051683183281],[28.733477446502583,-32.00896511902337],[28.746231739949977,-32.02173617590744],[28.749619599146943,-32.035542723890224],[28.78210319027078,-32.046070216727095],[28.790074623675405,-32.043481488980326],[28.788281051159366,-32.03519756019065],[28.80143391627699,-32.019492611860244],[28.786288192808207,-32.01396999266713],[28.78887890866471,-32.01034577382165],[28.801832487947223,-32.0143151563667],[28.808807492176268,-31.99947311728521],[28.819369641437394,-32.005858645727244],[28.8245510731504,-32.00016344468435],[28.827540360677133,-32.0051683183281],[28.829732504863404,-31.997574716937578],[28.83929822494895,-32.00223442688176],[28.839497510784067,-31.997402135087793],[28.828337504017597,-31.99481340734102],[28.833718221565714,-31.98652947855135],[28.85045823171542,-31.985666569302428],[28.853646805077272,-31.98186976860716],[28.847867515858923,-31.976519731263835],[28.867596813535364,-31.960297037384066],[28.88114825032322,-31.96616482027675],[28.887326111211806,-31.953738927092246],[28.917418272314258,-31.951840526744615],[28.92578827738911,-31.944592089053653],[28.956079724326678,-31.96512932917804],[28.969232589444303,-31.98791013334963],[28.98118973955124,-31.984458496353934],[29.01546690319112,-32.01535064746541],[29.024634051606434,-32.01500548376584],[29.039381203404986,-32.03398948724216],[29.03718905921872,-32.04054759753399],[29.065686933640244,-32.03519756019065],[29.073459081209748,-32.04296374343097],[29.0676797919914,-32.04883152632365],[29.08621337465715,-32.04745087152537],[29.093387664721305,-32.059359019160524]]]}},{"type":"Feature","id":"EC122","properties":{"MuniCode":"EC122","SourceUnits":"EC122"},"geometry":{"type":"Polygon","coordinates":[[[28.38771652257706,-32.67961818728698],[28.361809364012036,-32.66753745780204],[28.348855784729523,-32.6238742498065],[28.323945055340076,-32.62749846865198],[28.31577433610034,-32.632848505995305],[28.320557196143113,-32.6407872710854],[28.315176478594992,-32.64147759848454],[28.294849323413203,-32.62163068575929],[28.28787431918416,-32.60385475523146],[28.268344307342833,-32.60195635488383],[28.253597155544277,-32.62128552205972],[28.215533561037205,-32.57296260411999],[28.200786409238653,-32.58573366100406],[28.171889963146896,-32.57520616816719],[28.16890067562016,-32.56813031232601],[28.189825688307295,-32.55432376434323],[28.194209976679836,-32.5399994708111],[28.17886496737594,-32.53361394236906],[28.163320672236924,-32.539136561562174],[28.153754952151377,-32.53447685161799],[28.145384947076522,-32.50962506524898],[28.130438509442854,-32.493057207669644],[28.11728564432523,-32.49788949946362],[28.13163422445355,-32.518944485137354],[28.12764850775124,-32.52550259542918],[28.109712782590833,-32.526710668377675],[28.086794911552545,-32.51877190328757],[28.053115605418014,-32.539654307111526],[28.04733631619966,-32.536375251965616],[28.04554274368362,-32.50168630015888],[28.037372024443883,-32.499960481661034],[28.021827729304867,-32.51497510259231],[27.955664832046494,-32.506518591952855],[27.946696969466295,-32.48977815252373],[27.97001341217482,-32.46889574869977],[27.958056262067885,-32.45819567401312],[27.94589982612583,-32.476489350090304],[27.938127678556327,-32.47528127714181],[27.88890407728278,-32.45319080036936],[27.88970122062324,-32.443526216781414],[27.92617052844939,-32.43886650683722],[27.907238374113412,-32.40538562797898],[27.881729787218617,-32.38260482380739],[27.86817835043076,-32.37915318681169],[27.85821405867498,-32.38691937005201],[27.855224771148247,-32.400380754335224],[27.86060548869637,-32.413496974918864],[27.85183691195128,-32.40659370092747],[27.832306900109955,-32.40659370092747],[27.829317612583225,-32.39140649814642],[27.809588314906783,-32.38001609606062],[27.770329005389016,-32.37639187721514],[27.766144002851586,-32.38571129710352],[27.77670615211271,-32.39641137179017],[27.807196884885393,-32.39779202658845],[27.813374745773977,-32.40918242867424],[27.796435449789154,-32.403659809481134],[27.78746758720895,-32.41401472046822],[27.764549716170663,-32.41815668486305],[27.731468267541477,-32.36897085767439],[27.711141112359687,-32.35619980079032],[27.718913259929195,-32.34014968876034],[27.72708397916893,-32.337560961013565],[27.750001850207227,-32.34826103570022],[27.758571141117194,-32.34325616205646],[27.75877042695231,-32.33203834182046],[27.76913329037832,-32.32824154112519],[27.76813686120274,-32.31874953938703],[27.782684727166178,-32.31236401094499],[27.773716864585978,-32.30580590065317],[27.76474900200578,-32.30839462839994],[27.76813686120274,-32.29855746296221],[27.763354001159968,-32.28664931532706],[27.769731147883668,-32.27560407694084],[27.786471158033375,-32.27249760364471],[27.764549716170663,-32.26611207520267],[27.764948287840895,-32.258863637511716],[27.785873300528028,-32.2476458172757],[27.758969712787426,-32.22262144905691],[27.758969712787426,-32.21226653806983],[27.778898296298983,-32.21571817506552],[27.78348187050664,-32.2238295220054],[27.796435449789154,-32.22745374085088],[27.787666873044067,-32.2170988298638],[27.794641877273115,-32.20035839043468],[27.81277688826863,-32.18327278730599],[27.800421166491464,-32.16342587458074],[27.819353320827446,-32.16308071088117],[27.828919040912993,-32.14927416289839],[27.82592975338626,-32.14029990670958],[27.816563319135824,-32.14720318070097],[27.792848304757072,-32.13305146901862],[27.778699010463868,-32.13339663271819],[27.784876871352452,-32.12131590323325],[27.774713293761558,-32.105093209353484],[27.79205116141661,-32.102504481606715],[27.792250447251725,-32.089388261023075],[27.783282584671525,-32.08144949593297],[27.809588314906783,-32.07955109558534],[27.815367604125132,-32.089388261023075],[27.83310404345042,-32.09318506171834],[27.841274762690155,-32.11130615594574],[27.828919040912993,-32.11820942993713],[27.86279763288264,-32.13236114161948],[27.895480509841594,-32.12286913988132],[27.86379406205822,-32.07713494968836],[27.88073335804304,-32.072130076044594],[27.886911218931623,-32.05832352806181],[27.876548355505612,-32.056425127714185],[27.88312478806443,-32.05021218112193],[27.950284114498377,-32.081967241482324],[27.966426267142737,-32.062810656156216],[28.01006986503305,-32.03640563313915],[28.06128632465775,-32.06574454760256],[28.082410623180003,-32.05435414551677],[28.136417084496323,-32.06177516505751],[28.15634566800788,-32.05538963661547],[28.165114244752964,-32.03174592319496],[28.187234972450796,-32.025878140302275],[28.204174268435615,-32.052455745169134],[28.231277142011336,-32.05746061881289],[28.240842862096883,-32.052455745169134],[28.25140501135801,-32.06850585719911],[28.24144071960223,-32.09974317201016],[28.251205725522894,-32.1128593925938],[28.246821437150352,-32.155487109490636],[28.252800012203817,-32.17326304001847],[28.27791002742838,-32.16946623932321],[28.304215757663634,-32.188277660949744],[28.294251465907855,-32.19742449898833],[28.289468605865082,-32.21433752026724],[28.27213073821003,-32.2136471928681],[28.270337165693988,-32.22538275865347],[28.281297886625346,-32.23332152374357],[28.272728595715375,-32.247990980975274],[28.31677076527592,-32.24350385288087],[28.36380222236319,-32.271116948846434],[28.37077722659224,-32.29010095232275],[28.391901525114488,-32.304425245854894],[28.391104381774028,-32.31529790239133],[28.416015111163475,-32.32323666748143],[28.430961548797143,-32.33566256066594],[28.473608717511873,-32.327723795575835],[28.484370152608115,-32.311155937996496],[28.496925160220396,-32.32824154112519],[28.5110744545136,-32.321165685284015],[28.499715161912015,-32.314952738691765],[28.50489659362502,-32.31167368354585],[28.521238032104495,-32.32306408563165],[28.53757947058397,-32.32220117638272],[28.54953662069091,-32.337733542863354],[28.543159473967208,-32.344464235004956],[28.555913767414605,-32.35309332749419],[28.549337334855792,-32.370524094322455],[28.560895913292494,-32.37915318681169],[28.548739477350445,-32.383985478605666],[28.546945904834402,-32.39209682554555],[28.568070203356655,-32.38484838785459],[28.581023782639168,-32.40003559063565],[28.573450920904776,-32.40538562797898],[28.59696664944841,-32.404177555030486],[28.590190931054483,-32.410563083472525],[28.601350937820953,-32.42229864925789],[28.589194501878907,-32.42126315815918],[28.609123085390465,-32.43455196059261],[28.6236709513539,-32.433171305794325],[28.675285982648834,-32.446805271927325],[28.65934311583959,-32.45802309216334],[28.649976681589155,-32.483737787781266],[28.645193821546382,-32.480803896334926],[28.615898803784393,-32.492539462120284],[28.603543082007228,-32.502894373107374],[28.600952366150725,-32.5161831755408],[28.582418783484975,-32.523086449532194],[28.576639494266622,-32.536547833815405],[28.553323051558102,-32.55673991024022],[28.551529479042063,-32.572617440420416],[28.527615178828192,-32.58159169660923],[28.51167231201895,-32.603164427832326],[28.431559406302487,-32.633193669694876],[28.417609397844394,-32.655284146467324],[28.38771652257706,-32.67961818728698]]]}},{"type":"Feature","id":"EC123","properties":{"MuniCode":"EC123","SourceUnits":"EC123"},"geometry":{"type":"Polygon","coordinates":[[[28.075435618950955,-32.907771392702436],[28.065471327195176,-32.904492337556526],[28.067464185546335,-32.893964844719655],[28.052119176242435,-32.890858371423526],[28.05052488956151,-32.883955097432136],[28.03697345277365,-32.887234152578046],[28.03478130858738,-32.880503460436444],[28.022824158480446,-32.88240186078408],[28.007479149176547,-32.86445334840646],[27.982369133951984,-32.85185487337217],[27.975394129722936,-32.827865996252086],[27.961444121264847,-32.82855632365123],[27.92856195847078,-32.774193040969024],[27.947095541136527,-32.75244772789615],[27.949885542828145,-32.74002183471164],[27.899864798214136,-32.75658969229098],[27.882925502229313,-32.78558344305482],[27.864391919563566,-32.78627377045396],[27.857018343664286,-32.80249646433373],[27.850441911105474,-32.791451225947505],[27.84486190772224,-32.79403995369427],[27.847651909413855,-32.801978718784376],[27.828719755077877,-32.81544010306759],[27.82274118002441,-32.80439486468136],[27.832705471780187,-32.781786642359556],[27.80879117156632,-32.77868016906343],[27.814969032454904,-32.761076820385384],[27.80380902568843,-32.76401071183172],[27.79484116310823,-32.74640736315368],[27.782684727166178,-32.74899609090045],[27.773916150421094,-32.74640736315368],[27.773716864585978,-32.737605688814654],[27.76016542779812,-32.73622503401638],[27.764948287840895,-32.71913943088769],[27.736848985089598,-32.71171841134694],[27.7394397009461,-32.70723128325254],[27.72688469333382,-32.70050059111093],[27.73007326669567,-32.69152633492212],[27.718514688258963,-32.67961818728698],[27.707155395657374,-32.68600371572901],[27.70835111066807,-32.675648804741925],[27.680251807916775,-32.67116167664752],[27.69300610136417,-32.66960843999946],[27.685632525464897,-32.662187420458714],[27.691411814683246,-32.65735512866474],[27.666301799458683,-32.66270516600807],[27.703966822295527,-32.629224287149825],[27.72907683752009,-32.616280648415966],[27.72688469333382,-32.589357879849544],[27.734656840903327,-32.57451584076805],[27.727482550839163,-32.55725765578958],[27.749603278536995,-32.5524253639956],[27.728478980014742,-32.53085263277251],[27.731468267541477,-32.500133063510816],[27.740236844286564,-32.50479277345501],[27.7420304168026,-32.5139396114936],[27.759168998622542,-32.51480252074252],[27.765745431181355,-32.50910731969962],[27.7701297195539,-32.51825415773822],[27.7880654447143,-32.5275735776266],[27.791054732241033,-32.50427502790565],[27.769731147883668,-32.493402371369214],[27.764948287840895,-32.48442811518041],[27.78447829968222,-32.46958607609891],[27.790257588900573,-32.47597160454095],[27.789061873889878,-32.48943298882416],[27.816563319135824,-32.490641061772656],[27.82274118002441,-32.49599109911598],[27.827324754232066,-32.49133138917179],[27.820748321673253,-32.4720022219959],[27.841673334360387,-32.476144186390734],[27.85562334281848,-32.470276403498055],[27.878341928021655,-32.50410244605587],[27.884121217240008,-32.49443786246792],[27.87614978383538,-32.47735225933923],[27.89388622316067,-32.4561246918157],[27.94589982612583,-32.476489350090304],[27.958056262067885,-32.45819567401312],[27.97001341217482,-32.46889574869977],[27.946696969466295,-32.48977815252373],[27.955664832046494,-32.506518591952855],[28.021827729304867,-32.51497510259231],[28.037372024443883,-32.499960481661034],[28.04554274368362,-32.50168630015888],[28.04733631619966,-32.536375251965616],[28.053115605418014,-32.539654307111526],[28.086794911552545,-32.51877190328757],[28.109712782590833,-32.526710668377675],[28.12764850775124,-32.52550259542918],[28.13163422445355,-32.518944485137354],[28.11728564432523,-32.49788949946362],[28.130438509442854,-32.493057207669644],[28.145384947076522,-32.50962506524898],[28.153754952151377,-32.53447685161799],[28.163320672236924,-32.539136561562174],[28.17886496737594,-32.53361394236906],[28.194209976679836,-32.5399994708111],[28.189825688307295,-32.55432376434323],[28.16890067562016,-32.56813031232601],[28.171889963146896,-32.57520616816719],[28.200786409238653,-32.58573366100406],[28.215533561037205,-32.57296260411999],[28.253597155544277,-32.62128552205972],[28.268344307342833,-32.60195635488383],[28.28787431918416,-32.60385475523146],[28.294849323413203,-32.62163068575929],[28.315176478594992,-32.64147759848454],[28.320955767813345,-32.6385437070382],[28.31577433610034,-32.632848505995305],[28.334307918766086,-32.6238742498065],[28.35304078726695,-32.6283613779009],[28.361809364012036,-32.66753745780204],[28.38771652257706,-32.67961818728698],[28.374563657459433,-32.69049084382341],[28.373567228283854,-32.70481513735555],[28.343873638851633,-32.707921610651674],[28.307802902695716,-32.725524959329725],[28.268942164848177,-32.758833256338185],[28.17846639570571,-32.78627377045396],[28.13920708618794,-32.8073287561277],[28.117484930160344,-32.83010956029929],[28.12127136102754,-32.85185487337217],[28.10911492508549,-32.86324527545796],[28.096161345802976,-32.89310193547073],[28.075435618950955,-32.907771392702436]]]}},{"type":"Feature","id":"EC124","properties":{"MuniCode":"EC124","SourceUnits":"EC124"},"geometry":{"type":"Polygon","coordinates":[[[26.775693402327185,-32.33324641476895],[26.79342984165247,-32.33997710691055],[26.82989914947862,-32.324444740429925],[26.81196342431822,-32.30908495579908],[26.812162710153334,-32.29579615336565],[26.82989914947862,-32.288547715674696],[26.83268915117024,-32.271462112546004],[26.848034160474135,-32.26680240260181],[26.843251300431362,-32.248163562825056],[26.851023448000873,-32.24695548987656],[26.869357744831504,-32.26956371219837],[26.89287347337514,-32.271634694395786],[26.90024704927442,-32.251442617970966],[26.925157778663866,-32.23884414293668],[26.959434942303744,-32.205190682228654],[26.965413517357213,-32.191556716095654],[26.9793635258153,-32.20639875517715],[27.01085068776356,-32.22244886720713],[27.04931285394087,-32.21968755761057],[27.051305712292024,-32.235392505940986],[27.091561450985367,-32.22089563055906],[27.12444361377944,-32.228834395649166],[27.11986003957178,-32.238671561086896],[27.180642219282028,-32.23314894189378],[27.185026507654573,-32.2510974542714],[27.198378658607318,-32.24937163577355],[27.205951520341706,-32.26611207520267],[27.243616543178554,-32.281989605382876],[27.274107275951234,-32.26990887589794],[27.29244157278187,-32.28941062492362],[27.302605150372763,-32.28837513382491],[27.304199437053686,-32.2952784078163],[27.3197437321927,-32.300628445159624],[27.323131591389668,-32.31478015684198],[27.333893026485907,-32.314434993142406],[27.33648374234241,-32.32064793973466],[27.347843034944,-32.31167368354585],[27.37056162014717,-32.34014968876034],[27.36617733177463,-32.35102234529678],[27.38690305862665,-32.35878852853709],[27.411016644675634,-32.35499172784183],[27.413806646367252,-32.33842387026249],[27.441108805778086,-32.35878852853709],[27.451870240874328,-32.34826103570022],[27.4413080916132,-32.334454487717444],[27.460838103454527,-32.334281905867655],[27.492125979567675,-32.30666880990209],[27.48554954700886,-32.27922829578632],[27.492524551237903,-32.264731420404395],[27.485748832843974,-32.25265069091946],[27.507869560541803,-32.23073279599679],[27.51863099563804,-32.238326397387326],[27.528396001558704,-32.23263119634443],[27.521221711494547,-32.20225679078231],[27.542346010016796,-32.19742449898833],[27.56426745187951,-32.20622617332736],[27.563470308539046,-32.19466318939178],[27.553705302618383,-32.18620667875233],[27.564068166044393,-32.174988858516315],[27.562673165198586,-32.16670492972665],[27.542943867522144,-32.14961932659796],[27.54214672418168,-32.13684826971388],[27.574431029470404,-32.12511270392852],[27.56865174025205,-32.122351394331965],[27.567057453571127,-32.10302222715607],[27.592765326301038,-32.10371255455521],[27.601733188881237,-32.09439313466683],[27.612295338142363,-32.095256043915754],[27.633220350829497,-32.1004334994093],[27.642387499244816,-32.112686810744016],[27.681447522927467,-32.11803684808734],[27.694201816374864,-32.13236114161948],[27.70576039481157,-32.13425954196711],[27.70376753646041,-32.14961932659796],[27.688223241321396,-32.15376129099279],[27.681447522927467,-32.16359845643052],[27.693205387199285,-32.18240987805706],[27.681646808762583,-32.20277453633167],[27.6908139571779,-32.22072304870928],[27.707155395657374,-32.23194086894529],[27.769531862048552,-32.23073279599679],[27.78407972801199,-32.241778034383024],[27.78407972801199,-32.2510974542714],[27.764948287840895,-32.258863637511716],[27.764549716170663,-32.26611207520267],[27.786471158033375,-32.27249760364471],[27.769731147883668,-32.27560407694084],[27.763354001159968,-32.28664931532706],[27.76813686120274,-32.29855746296221],[27.76474900200578,-32.30839462839994],[27.773716864585978,-32.30580590065317],[27.782684727166178,-32.31236401094499],[27.76813686120274,-32.31874953938703],[27.76913329037832,-32.32824154112519],[27.75877042695231,-32.33203834182046],[27.758571141117194,-32.34325616205646],[27.750001850207227,-32.34826103570022],[27.72708397916893,-32.337560961013565],[27.718913259929195,-32.34014968876034],[27.712137541535263,-32.36120467443408],[27.731468267541477,-32.36897085767439],[27.764549716170663,-32.41815668486305],[27.78746758720895,-32.41401472046822],[27.796435449789154,-32.403659809481134],[27.813374745773977,-32.40918242867424],[27.807196884885393,-32.39779202658845],[27.77670615211271,-32.39641137179017],[27.766144002851586,-32.38571129710352],[27.770329005389016,-32.37639187721514],[27.809588314906783,-32.38001609606062],[27.829317612583225,-32.39140649814642],[27.832306900109955,-32.40659370092747],[27.85183691195128,-32.40659370092747],[27.86060548869637,-32.413496974918864],[27.855224771148247,-32.400380754335224],[27.85821405867498,-32.38691937005201],[27.86817835043076,-32.37915318681169],[27.881729787218617,-32.38260482380739],[27.907238374113412,-32.40538562797898],[27.92617052844939,-32.44076490718486],[27.910426947475262,-32.43783101573852],[27.88970122062324,-32.443526216781414],[27.89288979398509,-32.46043923806032],[27.87614978383538,-32.47735225933923],[27.884121217240008,-32.49443786246792],[27.878341928021655,-32.50410244605587],[27.85562334281848,-32.470276403498055],[27.841673334360387,-32.476144186390734],[27.820748321673253,-32.4720022219959],[27.827324754232066,-32.49133138917179],[27.82274118002441,-32.49599109911598],[27.816563319135824,-32.490641061772656],[27.789061873889878,-32.48943298882416],[27.790257588900573,-32.47597160454095],[27.78447829968222,-32.46958607609891],[27.77092686289436,-32.47804258673837],[27.764948287840895,-32.48442811518041],[27.769731147883668,-32.493402371369214],[27.791054732241033,-32.50427502790565],[27.7880654447143,-32.5275735776266],[27.7701297195539,-32.51825415773822],[27.765745431181355,-32.50910731969962],[27.759168998622542,-32.51480252074252],[27.7420304168026,-32.5139396114936],[27.740236844286564,-32.50479277345501],[27.731468267541477,-32.500133063510816],[27.728478980014742,-32.53085263277251],[27.749603278536995,-32.5524253639956],[27.727482550839163,-32.55725765578958],[27.734656840903327,-32.57451584076805],[27.72688469333382,-32.589357879849544],[27.72907683752009,-32.616280648415966],[27.703966822295527,-32.629224287149825],[27.666301799458683,-32.66270516600807],[27.691411814683246,-32.65735512866474],[27.685632525464897,-32.662187420458714],[27.69300610136417,-32.66960843999946],[27.680251807916775,-32.67116167664752],[27.70835111066807,-32.675648804741925],[27.707155395657374,-32.68600371572901],[27.718514688258963,-32.67961818728698],[27.73007326669567,-32.69152633492212],[27.72688469333382,-32.70050059111093],[27.7394397009461,-32.70723128325254],[27.736848985089598,-32.71171841134694],[27.764948287840895,-32.71913943088769],[27.76016542779812,-32.73622503401638],[27.773716864585978,-32.737605688814654],[27.773916150421094,-32.74640736315368],[27.78447829968222,-32.75365580084464],[27.762955429489736,-32.778335005363864],[27.727283265004047,-32.78385762455697],[27.70775325316272,-32.778335005363864],[27.720507546610122,-32.79990773658696],[27.71592397240246,-32.808536829076196],[27.692806815529053,-32.817338503415215],[27.67407394702819,-32.83442410654391],[27.668294657809838,-32.82855632365123],[27.661319653580794,-32.83235312434649],[27.664508226942644,-32.83701283429068],[27.65215250516548,-32.83994672573702],[27.655141792692213,-32.827865996252086],[27.64717035928759,-32.82579501405467],[27.647768216792933,-32.811815884222106],[27.634416065840192,-32.817338503415215],[27.627042489940916,-32.81285137532081],[27.630629634972998,-32.82234337705898],[27.618074627360713,-32.81544010306759],[27.6114981948019,-32.820790140410914],[27.603726047232392,-32.817338503415215],[27.60751247809959,-32.80991748387447],[27.59216746879569,-32.807846501677055],[27.587384608752917,-32.8130239571706],[27.57463031530552,-32.79887224548825],[27.558886734331388,-32.80146097323502],[27.53636743496333,-32.792659298896],[27.51922885314339,-32.74657994500346],[27.5539045884535,-32.725179795630154],[27.51524313644108,-32.71586037574178],[27.493321694578366,-32.74364605355712],[27.4899338353814,-32.75952358373732],[27.476780970263775,-32.761076820385384],[27.475186683582848,-32.77281238617075],[27.456055243411754,-32.781614060509774],[27.450076668358285,-32.81354170271995],[27.424368795628375,-32.80335937358265],[27.42118022226653,-32.79611093589169],[27.38550805778084,-32.80146097323502],[27.393280205350347,-32.82251595890876],[27.380326626067834,-32.828038578101875],[27.378533053551795,-32.83614992504176],[27.36617733177463,-32.837875743539605],[27.340270173209603,-32.8073287561277],[27.338476600693564,-32.79421253554406],[27.32253373388432,-32.788344752651376],[27.332298739804983,-32.78420278825654],[27.333095883145447,-32.764873621080646],[27.338476600693564,-32.761594565934736],[27.3261208789164,-32.73984925286186],[27.347045891603535,-32.712236156896296],[27.382319484418993,-32.725007213780366],[27.371358763487635,-32.69981026371179],[27.387301630296882,-32.67979076913676],[27.339074458198912,-32.67392298624408],[27.29323871612233,-32.675648804741925],[27.287260141068863,-32.684795642780514],[27.259559409987798,-32.68962793457449],[27.230662963896037,-32.71741361238984],[27.240627255651816,-32.75365580084464],[27.21272723873564,-32.765391366630006],[27.218905099624223,-32.78333987900762],[27.215517240427253,-32.792659298896],[27.191204368543154,-32.79680126329083],[27.18203722012784,-32.808019083526844],[27.169482212515558,-32.80922715647534],[27.17705507424995,-32.81544010306759],[27.157525062408624,-32.83839348908896],[27.05588928649968,-32.83856607093875],[27.046323566414134,-32.837185416140464],[27.048117138930174,-32.831662796947356],[27.08638001927236,-32.80577551947964],[27.05469357148899,-32.785238279355255],[27.017227834487258,-32.785065697505466],[27.02121355118957,-32.73415405181896],[27.01403926112541,-32.73087499667305],[27.023405695375843,-32.72086524938553],[27.057085001510373,-32.71275390244565],[27.047718567259942,-32.69756669966459],[27.021014265354456,-32.681516587634604],[27.017825691992606,-32.64700021767765],[27.009455686917754,-32.62629039570348],[26.997697822645932,-32.61679839396532],[27.009256401082638,-32.609377374424575],[27.004473541039864,-32.60506282817995],[27.024601410386538,-32.5943627534933],[27.036359274658356,-32.566404493828166],[27.07203143914404,-32.55898347428742],[27.032373557956042,-32.52722841392703],[27.04612428057902,-32.5161831755408],[27.044928565568327,-32.509970228948546],[27.017028548652142,-32.51117830189704],[26.97756995329926,-32.50099597275974],[26.967804947378596,-32.51859932143779],[26.984744243363423,-32.52791874132616],[26.984146385858075,-32.5377559067639],[26.966609232367905,-32.55087212734754],[26.865172742294078,-32.51152346559661],[26.80558627759452,-32.453708545918715],[26.815749855185416,-32.44076490718486],[26.834283437851163,-32.43903908868701],[26.83627629620232,-32.40642111907769],[26.813358425164026,-32.39278715294469],[26.815749855185416,-32.38622904265287],[26.801002703386864,-32.37242249467009],[26.80379270507848,-32.3553368915414],[26.793629127487584,-32.357407873738815],[26.775693402327185,-32.33324641476895]]]}},{"type":"Feature","id":"EC126","properties":{"MuniCode":"EC126","SourceUnits":"EC126"},"geometry":{"type":"Polygon","coordinates":[[[27.217908670448644,-32.89016804402439],[27.220100814634915,-32.89655357246642],[27.231659393071617,-32.89603582691707],[27.235844395609043,-32.920542449586506],[27.26513941337103,-32.920715031436295],[27.270719416754268,-32.927618305427686],[27.299416577010913,-32.92192310438479],[27.324925163905704,-32.927963469127256],[27.32831302310267,-32.91484724854361],[27.340070887374488,-32.90966979305007],[27.35083232247073,-32.92192310438479],[27.355017325008156,-32.913639175595115],[27.389693060318265,-32.914329502994256],[27.40583521296263,-32.9274457235779],[27.41340807469702,-32.92226826808436],[27.419386649750486,-32.934521579419076],[27.395671635371734,-32.93227801537187],[27.365579474269282,-32.95160718254777],[27.368768047631132,-32.966794385328825],[27.401450924590087,-32.97749446001548],[27.417991648904678,-33.00579788338018],[27.439713804932275,-32.9897477713502],[27.50388384383949,-32.99527039054331],[27.499698841302063,-33.0078688655776],[27.478773828614926,-33.025989959805],[27.4835566886577,-33.03064966974919],[27.43732237491089,-33.0587805112641],[27.445493094150628,-33.07206931369753],[27.443500235799473,-33.09381462677042],[27.45844667343314,-33.109174411401256],[27.45625452924687,-33.123153541233826],[27.395273063701502,-33.13316328852134],[27.369365905136476,-33.1505940553496],[27.391088061164076,-33.15697958379164],[27.37833376771668,-33.165436094431094],[27.374945908519713,-33.1801055516628],[27.380326626067834,-33.18597333455548],[27.39447592036104,-33.184765261606984],[27.432340229033002,-33.19995246438805],[27.433535944043694,-33.20996221167556],[27.41619807638864,-33.221870359310714],[27.41261093135656,-33.23308817954672],[27.4349309448895,-33.23912854428919],[27.442902378294125,-33.258457711465084],[27.456453815081986,-33.2662238947054],[27.459642388443832,-33.28227400673538],[27.470005251869843,-33.284862734482154],[27.478773828614926,-33.272264259447866],[27.49192669373256,-33.282101424885596],[27.480168829460737,-33.298669282464935],[27.43592737406508,-33.3171355403919],[27.41300950302679,-33.33957118086392],[27.353622324162348,-33.364940712782285],[27.33867588652868,-33.37891984261485],[27.24281939983809,-33.43190247049877],[27.217908670448644,-33.45830749351584],[27.165097924143016,-33.4734946962969],[27.13560362054591,-33.49627550046849],[27.078209300032626,-33.470043059301204],[27.068842865782194,-33.443983199983705],[27.055690000664566,-33.4372525078421],[27.0433342788874,-33.41188297592374],[27.020615693684224,-33.39548770019419],[27.006067827720788,-33.36839234977798],[26.98534210086877,-33.35613903844326],[26.983548528352728,-33.34267765416005],[26.998494965986396,-33.3307695065249],[27.002879254358938,-33.317998449640825],[26.99869425182151,-33.31661779484255],[27.00327782602917,-33.295045063619455],[26.986338530044346,-33.27002069540066],[26.96900066238929,-33.26760454950367],[26.971192806575562,-33.258457711465084],[26.981356384166457,-33.25379800152089],[27.005669256050556,-33.26259967585992],[27.00825997190706,-33.25051894637498],[26.984744243363423,-33.23291559769694],[26.959036370633513,-33.235159161744136],[26.97896495414507,-33.22014454081286],[26.95684422644724,-33.19097820819924],[26.953057795580044,-33.178552315014734],[26.960032799809092,-33.17285711397184],[26.92455992115852,-33.16509093073152],[26.92794778035548,-33.194947590744285],[26.904033480141614,-33.201850864735675],[26.895862760901878,-33.191668535598374],[26.899051334263724,-33.18200395201043],[26.89088061502399,-33.17717166021646],[26.895862760901878,-33.172511950272266],[26.885101325805635,-33.169232895126356],[26.87673132073078,-33.17164904102334],[26.879322036587283,-33.19063304449967],[26.872745604028466,-33.19304919039666],[26.87254631819335,-33.20323151953396],[26.843251300431362,-33.204957338031804],[26.840062727069515,-33.194947590744285],[26.85461059303295,-33.192704026697086],[26.865770599799426,-33.18321202495893],[26.86238274060246,-33.17768940576581],[26.837472011213013,-33.17423776877011],[26.83767129704813,-33.155081183444004],[26.828703434467926,-33.14938598240111],[26.82053271522819,-33.129193905976294],[26.83767129704813,-33.12194546828533],[26.847237017133676,-33.13178263372306],[26.85620487971388,-33.11486961244415],[26.91140705604089,-33.12487935973167],[26.933727069573834,-33.11504219429394],[26.94648136302123,-33.08742909832838],[26.936317785430337,-33.069653167800546],[26.95465208226097,-33.07793709659022],[26.97577638078322,-33.049633673225514],[26.977370667464143,-33.0215028317106],[26.99550567845966,-33.02236574095952],[26.98434567169319,-33.039451344088214],[27.005071398545212,-33.026852869053926],[27.01364068945518,-33.03254807009682],[27.01583283364145,-33.04877076397659],[27.02081497951934,-33.033238397495964],[27.03297141546139,-33.03427388859467],[27.04552642307367,-33.046699781779175],[27.056885715675257,-33.03565454339295],[27.06665072159592,-33.06361280305808],[27.077810728362394,-33.06689185820399],[27.087775020118173,-33.056882110916476],[27.066451435760804,-33.02547221425565],[27.082195016734936,-33.02081250431146],[27.103917172762536,-33.029959342350054],[27.120657182912243,-33.02512705055608],[27.126436472130592,-33.043075562933694],[27.12304861293363,-33.05532887426841],[27.137995050567298,-33.05826276571475],[27.13839362223753,-33.036690034491656],[27.13141861800848,-33.02961417865048],[27.15413720321166,-33.017360867315766],[27.148158628158193,-33.00838661112695],[27.138194336402414,-33.01201082997243],[27.138592908072646,-33.0021736645347],[27.13141861800848,-33.00389948303255],[27.13022290299779,-32.986641298054074],[27.14277791061007,-32.980083187762254],[27.140386480588685,-32.97490573226871],[27.155133632387237,-32.96213467538464],[27.16569578164836,-32.963515330182915],[27.152542916530734,-32.94315067190831],[27.16988078418579,-32.92261343178392],[27.18841436685154,-32.91622790334189],[27.183033649303418,-32.910877865998565],[27.196585086091275,-32.89517291766815],[27.217908670448644,-32.89016804402439]]]}},{"type":"Feature","id":"EC129","properties":{"MuniCode":"EC129","SourceUnits":"EC127,EC128"},"geometry":{"type":"Polygon","coordinates":[[[26.60111901076594,-32.397274281039095],[26.66249904798154,-32.42799385030079],[26.671865482231972,-32.41556795711628],[26.70474764502604,-32.41815668486305],[26.735039091963607,-32.39088875259706],[26.728661945239907,-32.36258532923236],[26.720889797670402,-32.35965143778602],[26.711722649255087,-32.33997710691055],[26.736234806974302,-32.327378631876265],[26.74301052536823,-32.33704321546421],[26.771707685624875,-32.33842387026249],[26.775693402327185,-32.33324641476895],[26.793629127487584,-32.357407873738815],[26.80379270507848,-32.3553368915414],[26.801002703386864,-32.37242249467009],[26.815749855185416,-32.38622904265287],[26.813358425164026,-32.39278715294469],[26.83627629620232,-32.40642111907769],[26.834283437851163,-32.43903908868701],[26.815749855185416,-32.44076490718486],[26.80558627759452,-32.453708545918715],[26.865172742294078,-32.51152346559661],[26.966609232367905,-32.55087212734754],[26.984146385858075,-32.5377559067639],[26.984744243363423,-32.52791874132616],[26.967804947378596,-32.51859932143779],[26.97756995329926,-32.50099597275974],[27.017028548652142,-32.51117830189704],[27.044928565568327,-32.509970228948546],[27.04612428057902,-32.5161831755408],[27.032373557956042,-32.52722841392703],[27.07203143914404,-32.55898347428742],[27.036359274658356,-32.566404493828166],[27.024601410386538,-32.5943627534933],[27.004473541039864,-32.60506282817995],[27.009256401082638,-32.609377374424575],[26.997697822645932,-32.61679839396532],[27.009455686917754,-32.62629039570348],[27.017825691992606,-32.64700021767765],[27.021014265354456,-32.681516587634604],[27.047718567259942,-32.69756669966459],[27.057085001510373,-32.71275390244565],[27.023405695375843,-32.72086524938553],[27.01403926112541,-32.73087499667305],[27.02121355118957,-32.73415405181896],[27.017227834487258,-32.785065697505466],[27.05469357148899,-32.785238279355255],[27.08638001927236,-32.80577551947964],[27.059875003201995,-32.821135304110484],[27.046323566414134,-32.837185416140464],[27.097540026038835,-32.84201770793444],[27.157525062408624,-32.83839348908896],[27.202364375309628,-32.844606435681214],[27.2161150979326,-32.8549613466683],[27.232855108082312,-32.85237261892153],[27.22069867214026,-32.887579316277616],[27.196585086091275,-32.89517291766815],[27.183033649303418,-32.910877865998565],[27.18841436685154,-32.91622790334189],[27.16988078418579,-32.92261343178392],[27.152542916530734,-32.94315067190831],[27.16569578164836,-32.963515330182915],[27.155133632387237,-32.96213467538464],[27.140386480588685,-32.97490573226871],[27.14277791061007,-32.980083187762254],[27.13022290299779,-32.986641298054074],[27.13141861800848,-33.00389948303255],[27.138592908072646,-33.0021736645347],[27.138194336402414,-33.01201082997243],[27.148158628158193,-33.00838661112695],[27.15413720321166,-33.017360867315766],[27.13141861800848,-33.02961417865048],[27.13839362223753,-33.036690034491656],[27.137995050567298,-33.05826276571475],[27.12304861293363,-33.05532887426841],[27.126436472130592,-33.043075562933694],[27.120657182912243,-33.02512705055608],[27.103917172762536,-33.029959342350054],[27.082195016734936,-33.02081250431146],[27.066451435760804,-33.02547221425565],[27.087775020118173,-33.056882110916476],[27.077810728362394,-33.06689185820399],[27.06665072159592,-33.06361280305808],[27.056885715675257,-33.03565454339295],[27.04552642307367,-33.046699781779175],[27.03297141546139,-33.03427388859467],[27.02081497951934,-33.033238397495964],[27.01583283364145,-33.04877076397659],[27.01364068945518,-33.03254807009682],[27.005071398545212,-33.026852869053926],[26.98434567169319,-33.039451344088214],[26.99550567845966,-33.02236574095952],[26.977370667464143,-33.0215028317106],[26.97577638078322,-33.049633673225514],[26.95465208226097,-33.07793709659022],[26.936317785430337,-33.069653167800546],[26.94648136302123,-33.08742909832838],[26.93671635710057,-33.099164664113744],[26.94030350213265,-33.106067938105134],[26.91140705604089,-33.12487935973167],[26.85620487971388,-33.11486961244415],[26.857998452229914,-33.1019259737103],[26.877329178236128,-33.07517578699366],[26.873742033204046,-33.053603055770566],[26.86457488478873,-33.04480138143154],[26.856802737219223,-33.049633673225514],[26.852219163011565,-33.07845484213957],[26.839066297893936,-33.08121615173613],[26.82890272030304,-33.069480585950764],[26.82551486110608,-33.039451344088214],[26.812959853493794,-33.035999707092515],[26.783664835731805,-33.086566189079456],[26.77150839978976,-33.08415004318247],[26.793230555817352,-33.053603055770566],[26.801799846727324,-33.00855919297674],[26.798411987530358,-32.99112842614848],[26.78585697991808,-32.992854244646324],[26.77947983319438,-33.03461905229424],[26.75377196046447,-33.029441596800694],[26.736434092809418,-33.05567403796798],[26.723679799362017,-33.05274014652164],[26.713914793441354,-33.04048683518692],[26.690598350732834,-33.05636436536712],[26.67106833889151,-33.0316851608479],[26.662698333816653,-33.029441596800694],[26.65213618455553,-33.04842560027702],[26.63679117525163,-33.04911592767616],[26.640976177789057,-33.033065815646175],[26.626627597660736,-33.019604431362964],[26.6300154568577,-33.00424464673212],[26.622841166793542,-32.99699620904116],[26.587567573978085,-33.01753344916555],[26.582983999770427,-33.009594684075445],[26.595539007382705,-32.99302682649611],[26.58856400315366,-32.95816529283959],[26.57999471224369,-32.96213467538464],[26.574016137190224,-32.98871228025149],[26.56425113126956,-32.990955844298696],[26.541532546066385,-32.97904769666354],[26.52060753337925,-32.99233649909697],[26.51602395917159,-32.98853969840171],[26.52339753507087,-32.960926602436146],[26.512835385809744,-32.94263292635896],[26.497490376505844,-32.94884587295121],[26.494700374814226,-32.97852995111419],[26.484935368893563,-32.9818090062601],[26.472181075446166,-32.97248958637172],[26.468195358743856,-32.951089436998416],[26.462814641195735,-32.95247009179669],[26.462216783690387,-32.96213467538464],[26.45265106360484,-32.963687912032704],[26.43949819848721,-32.94435874485681],[26.388082453027394,-32.973352495620645],[26.3625738661326,-32.963515330182915],[26.35858814943029,-32.934521579419076],[26.299001684730733,-32.93210543352209],[26.27488809868175,-32.936937725316064],[26.285051676272644,-32.8991423002132],[26.275485956187094,-32.88136636968537],[26.2653223785962,-32.87825989638924],[26.26073880438854,-32.890858371423526],[26.236226646669326,-32.871184040548066],[26.21988520818985,-32.87825989638924],[26.226461640748663,-32.85996622031205],[26.210319488104304,-32.86324527545796],[26.200355196348525,-32.850646800423675],[26.194376621295056,-32.8651436758056],[26.183216614528583,-32.86928564020043],[26.186803759560664,-32.86255494805883],[26.180426612836968,-32.844606435681214],[26.170263035246073,-32.85634200146657],[26.165679461038415,-32.844433853831426],[26.189992332922515,-32.81216104792168],[26.245792366754873,-32.8152675212178],[26.240411649206752,-32.79300446259557],[26.20812734391803,-32.76953333102484],[26.2051380563913,-32.74951383644981],[26.17943018366139,-32.76349296628237],[26.10908228386559,-32.76953333102484],[26.109281569700705,-32.765046202930435],[26.0951322754075,-32.764355875531294],[26.066036543480628,-32.7869640978531],[26.0490972474958,-32.780751151260844],[26.031958665675862,-32.76401071183172],[26.06404368512947,-32.685658552029444],[26.026777233962857,-32.67012618554881],[26.047303674979762,-32.65424865536861],[26.047702246649994,-32.632848505995305],[26.074007976885248,-32.63819854333863],[26.127217294861108,-32.595398244592005],[26.12123871980764,-32.58021104181095],[26.09413584623192,-32.5648512571801],[26.095331561242617,-32.55863831058785],[26.08078369527918,-32.54655758110292],[26.02837152064378,-32.5399994708111],[26.026577948127745,-32.54655758110292],[25.976557203513735,-32.54586725370378],[25.959219335858677,-32.55208020029603],[25.939888609852467,-32.5387913978626],[25.92992431809669,-32.49461044431771],[25.93430860646923,-32.476144186390734],[25.88727714938196,-32.48684426107739],[25.90780359039886,-32.457332764764196],[25.899433585324005,-32.43299872394454],[25.93929075234712,-32.40607595537812],[25.940087895687583,-32.383812896755884],[25.948856472432666,-32.37673704091471],[25.95065004494871,-32.36379340218085],[25.97037934262515,-32.354473982292475],[25.99608721535506,-32.354473982292475],[26.032755809016326,-32.32634314077756],[26.047104389144646,-32.32271892193208],[26.052086535022536,-32.31236401094499],[26.08158083861964,-32.317886630138105],[26.1194451472916,-32.298384881112426],[26.12980801071761,-32.274913749541696],[26.141366589154313,-32.27180727624557],[26.191387333768322,-32.285268660528786],[26.202547340534792,-32.331348014421316],[26.18660447372555,-32.36879827582461],[26.235030931658635,-32.353956236743116],[26.30956383399186,-32.37604671351557],[26.37094387120745,-32.35689012818946],[26.40442389150687,-32.363965984030635],[26.430729621742124,-32.35464656414226],[26.458231066988077,-32.360859510734514],[26.51562538750136,-32.354473982292475],[26.533760398496877,-32.36016918333537],[26.539141116045,-32.3858838789533],[26.566841847126064,-32.40193399098329],[26.58039328391392,-32.387091951901795],[26.5877668598132,-32.396583953639954],[26.60111901076594,-32.397274281039095]]]}},{"type":"Feature","id":"EC131","properties":{"MuniCode":"EC131","SourceUnits":"EC131"},"geometry":{"type":"Polygon","coordinates":[[[24.949637295163182,-32.241260288833665],[24.92233513575235,-32.2397070521856],[24.904000838921718,-32.221931121657775],[24.915559417358416,-32.172054967069975],[24.92452727993862,-32.16756783897557],[24.938278002561596,-32.17360820371804],[24.937680145056248,-32.15790325538762],[24.954021583535724,-32.14029990670958],[24.95103229600899,-32.122696558031535],[24.967174448653353,-32.10750935525047],[24.9550180127113,-32.06971393014761],[24.947843722647143,-32.071784912345024],[24.93807871672648,-32.05331865441806],[24.950633724338758,-32.00723930052553],[24.943658720109717,-31.97997136825953],[24.923132279092812,-31.94372917980473],[24.94385800594483,-31.9281968133241],[24.932299427508127,-31.891782043019514],[24.91994370573096,-31.884533605328553],[24.924726565773735,-31.88004647723415],[24.91675513236911,-31.864341528903736],[24.904797982262178,-31.86917382069771],[24.895830119681975,-31.833449377792263],[24.87410796365438,-31.840352651783654],[24.85557438098863,-31.834830032590542],[24.84840009092447,-31.817571847612065],[24.80196649134254,-31.784953878002746],[24.76290646765989,-31.805663699976915],[24.771874330240088,-31.79289264309284],[24.753739319244573,-31.79168457014435],[24.75334074757434,-31.782019986556403],[24.74078573996206,-31.779258676959845],[24.733412164062784,-31.78737002389973],[24.72763287484443,-31.784263550603605],[24.699533572093138,-31.76631503822599],[24.70431643213591,-31.74422456145354],[24.64213925157985,-31.728174449423555],[24.655889974202825,-31.716093719938623],[24.635961390691268,-31.718509865835607],[24.62779067145153,-31.712296919243357],[24.641541394074505,-31.69037902432069],[24.622409953903407,-31.70625655450089],[24.616431378849942,-31.72610346722614],[24.577172069332175,-31.730590595320542],[24.577570641002403,-31.73852936041064],[24.550667053261805,-31.761137582732445],[24.510411314568458,-31.754234308741054],[24.506226312031032,-31.706774300050245],[24.514197745435652,-31.705048481552396],[24.522966322180736,-31.60374293572874],[24.50383488200964,-31.568363656522862],[24.524560608861663,-31.54541027050149],[24.532930613936514,-31.509858409445826],[24.519379177148657,-31.497950261810676],[24.55883777250154,-31.481900149780692],[24.567207777576396,-31.418562610909685],[24.596104223668153,-31.39923344373379],[24.665057122618144,-31.38370107725316],[24.704715003806143,-31.400614098532067],[24.71069357885961,-31.409588354720878],[24.72424501564747,-31.39992377113293],[24.7886143403898,-31.389396278296058],[24.82548221988618,-31.356433144987168],[24.862947956887908,-31.373691329965645],[24.85298366513213,-31.328129721622467],[24.898819407208713,-31.313632846240544],[24.923331564927928,-31.313460264390763],[24.933495142518822,-31.320363538382153],[24.96039873025942,-31.28550200472563],[25.005636614830657,-31.26306636425361],[25.058447361136285,-31.269451892695646],[25.073393798769953,-31.253229198815877],[25.084354519701307,-31.26237603685447],[25.100695958180786,-31.25944214540813],[25.130588833448122,-31.239422650833095],[25.15270956114595,-31.243046869678576],[25.155100991167338,-31.23113872204343],[25.170446000471237,-31.23925006898331],[25.17921457721632,-31.22216446585462],[25.19236744233395,-31.213362791515596],[25.204723164111115,-31.215088610013446],[25.209705309989005,-31.20473369902636],[25.204324592440884,-31.201799807580016],[25.219669601744783,-31.190409405494222],[25.26929177468856,-31.214398282614304],[25.268494631348098,-31.220611229206558],[25.285035355662693,-31.223372538803112],[25.29061535904593,-31.21353537336538],[25.354386826282912,-31.2359710138374],[25.398827567513685,-31.211119227468394],[25.43728973369099,-31.22975806724515],[25.432506873648215,-31.236143595687185],[25.448449740457463,-31.25616309026222],[25.464591893101826,-31.256508253961787],[25.479339044900378,-31.237179086785893],[25.497274770060777,-31.234590359039125],[25.49408619669893,-31.243046869678576],[25.5205912127693,-31.268243819747152],[25.55745909226568,-31.2779084033351],[25.515409781056295,-31.316739319536673],[25.497274770060777,-31.320363538382153],[25.47435689902249,-31.313287682540977],[25.44366688041469,-31.334342668214717],[25.46339617809113,-31.351946016892764],[25.51202192185933,-31.346078234000082],[25.56443409649473,-31.358504127184585],[25.582967679160475,-31.34487016105159],[25.59173625590556,-31.418907774609252],[25.581971249984896,-31.440825669531918],[25.589344825884176,-31.485351786776388],[25.578583390787934,-31.49121956966907],[25.586554824192554,-31.51141164609389],[25.566825526516112,-31.518487501935063],[25.564035524824497,-31.526771430724732],[25.615451270284314,-31.54333928830407],[25.642354858024916,-31.576475003462747],[25.61684627113012,-31.580099222308228],[25.547893372180134,-31.554384526690296],[25.534541221227393,-31.534537613965046],[25.505844060970748,-31.548861907497184],[25.50743834765167,-31.57595725791339],[25.52836336033881,-31.613752683016255],[25.496477626720313,-31.642919015629882],[25.479538330735494,-31.66897887494738],[25.45442831551093,-31.684683823277794],[25.414969720158048,-31.674328912290708],[25.399425425019032,-31.676745058187695],[25.392051849119756,-31.690724188020262],[25.36036540133638,-31.71454048329056],[25.427126156100094,-31.741118088157414],[25.441674022063534,-31.758203691286106],[25.477944044054567,-31.739392269659565],[25.489502622491273,-31.753889145041487],[25.508634062662367,-31.76131016458223],[25.541516225456434,-31.7673505293247],[25.549288373025945,-31.76096500088266],[25.56104623729776,-31.764244056028573],[25.563636953154266,-31.80290239038036],[25.591536970070443,-31.81222181026874],[25.590540540894867,-31.819987993509052],[25.60708126520946,-31.81912508426013],[25.616646985295006,-31.83914457883516],[25.63418413878518,-31.839662324384516],[25.640561285508873,-31.902654699555956],[25.67384201997318,-31.899030480710476],[25.69935060686797,-31.882980368680492],[25.706923468602362,-31.86227054670632],[25.72286633541161,-31.854849527165573],[25.733827056342964,-31.857783418611916],[25.72326490708184,-31.8636512015046],[25.737414201375046,-31.883325532380063],[25.765314218291223,-31.878838404285656],[25.762125644929377,-31.897822407761982],[25.830082114703785,-31.92094837563314],[25.85020998405046,-31.908867646148206],[25.94845790076244,-31.981179441208024],[25.999475074552024,-32.00499573647832],[26.033951524027017,-32.00154409948263],[26.000471503727603,-32.03847661533656],[26.021994373920084,-32.0448621437786],[26.02398723227124,-32.05521705476569],[25.99967436038714,-32.07057683939653],[26.009638652142918,-32.076444622289216],[26.031958665675862,-32.07333814899309],[26.064242970964585,-32.0800688411347],[26.055275108384386,-32.099570590160376],[26.073609405215016,-32.10336739085564],[26.076000835236407,-32.112686810744016],[26.13917444496804,-32.119072339186054],[26.14076873164897,-32.1468580170014],[26.206931628907334,-32.16446136567944],[26.19278233461413,-32.21692624801401],[26.19915948133783,-32.26887338479923],[26.191387333768322,-32.285268660528786],[26.141366589154313,-32.27180727624557],[26.12980801071761,-32.274913749541696],[26.1194451472916,-32.298384881112426],[26.08158083861964,-32.317886630138105],[26.052086535022536,-32.31236401094499],[26.047104389144646,-32.32271892193208],[26.032755809016326,-32.32634314077756],[25.99608721535506,-32.354473982292475],[25.97037934262515,-32.354473982292475],[25.95065004494871,-32.36379340218085],[25.948856472432666,-32.37673704091471],[25.940087895687583,-32.383812896755884],[25.93929075234712,-32.40607595537812],[25.899433585324005,-32.43299872394454],[25.90780359039886,-32.457332764764196],[25.88727714938196,-32.48684426107739],[25.833868545570983,-32.49046847992287],[25.797399237744834,-32.477179677489445],[25.785641373473013,-32.53792848861368],[25.69895203519774,-32.52205095843348],[25.68998417261754,-32.49909757241211],[25.655109151472313,-32.506863755652425],[25.64494557388142,-32.479768405236214],[25.621629131172895,-32.456815019214844],[25.604689835188072,-32.45181014557108],[25.591935541740675,-32.45854083771269],[25.574398388250508,-32.45785051031355],[25.53414264955716,-32.39451297144254],[25.512619779364677,-32.39830977213781],[25.494684054204278,-32.41263406566994],[25.42035043770617,-32.423334140356594],[25.398827567513685,-32.41297922936951],[25.41736115017943,-32.37449347686751],[25.407795430093884,-32.373975731318154],[25.382884700704437,-32.34670779905216],[25.360166115501265,-32.340840016159476],[25.36335468886311,-32.30666880990209],[25.309547513381908,-32.3133995020437],[25.278658208938992,-32.34549972610367],[25.232822466862412,-32.33859645211228],[25.21448817003178,-32.34670779905216],[25.2134917408562,-32.33669805176464],[25.185990295610253,-32.323754413030784],[25.16765599877962,-32.32875928667455],[25.12839668926185,-32.291136443421465],[25.078176658812726,-32.27353309474342],[25.05505950193932,-32.28009120503524],[25.045892353524003,-32.26662982075203],[25.024170197496407,-32.26421367485504],[25.01859019411317,-32.254549091267094],[25.003245184809273,-32.25040712687226],[24.980327313770978,-32.258863637511716],[24.949637295163182,-32.241260288833665]]]}},{"type":"Feature","id":"EC135","properties":{"MuniCode":"EC135","SourceUnits":"EC135"},"geometry":{"type":"Polygon","coordinates":[[[27.769531862048552,-32.23073279599679],[27.707155395657374,-32.23194086894529],[27.6908139571779,-32.22072304870928],[27.681646808762583,-32.20277453633167],[27.693205387199285,-32.18240987805706],[27.681447522927467,-32.16359845643052],[27.688223241321396,-32.15376129099279],[27.70376753646041,-32.14961932659796],[27.70576039481157,-32.13425954196711],[27.694201816374864,-32.13236114161948],[27.681447522927467,-32.11803684808734],[27.642387499244816,-32.112686810744016],[27.633220350829497,-32.1004334994093],[27.601733188881237,-32.09439313466683],[27.592765326301038,-32.10371255455521],[27.567057453571127,-32.10302222715607],[27.56865174025205,-32.122351394331965],[27.574431029470404,-32.12511270392852],[27.556096732639773,-32.128736922773996],[27.54035315166564,-32.141335397808284],[27.562673165198586,-32.16670492972665],[27.564068166044393,-32.174988858516315],[27.553705302618383,-32.18620667875233],[27.563470308539046,-32.19466318939178],[27.56426745187951,-32.20622617332736],[27.542346010016796,-32.19742449898833],[27.521221711494547,-32.20225679078231],[27.528396001558704,-32.23263119634443],[27.51863099563804,-32.238326397387326],[27.509663133057842,-32.235392505940986],[27.513050992254808,-32.21606333876509],[27.481763116141664,-32.18724216985103],[27.484353831998163,-32.18292762360642],[27.495713124599753,-32.19052122499694],[27.500097412972295,-32.18724216985103],[27.48236097364701,-32.1627355471816],[27.4630302476408,-32.174988858516315],[27.450475240028517,-32.15738550983827],[27.440112376602507,-32.155314527640854],[27.43453237321927,-32.16325329273095],[27.446489523326207,-32.17360820371804],[27.44369952163459,-32.181719550657924],[27.415799504718407,-32.18240987805706],[27.418589506410026,-32.15410645469236],[27.397465207887777,-32.136157942314746],[27.403842354611474,-32.122523976181746],[27.42377093812303,-32.12183364878261],[27.414404503872596,-32.112686810744016],[27.397664493722893,-32.115448120340574],[27.388098773637342,-32.109062591898535],[27.39487449203127,-32.098880262761234],[27.411813788016097,-32.098880262761234],[27.412013073851213,-32.078688186336414],[27.400454495414508,-32.07005909384718],[27.390290917823613,-32.08127691408319],[27.368768047631132,-32.07765269523771],[27.38192091274876,-32.06936876644804],[27.37155804932275,-32.05366381811763],[27.352625894986772,-32.05021218112193],[27.36518090259905,-32.0483137807743],[27.363785901753243,-32.036060469439576],[27.371757335157866,-32.03209108689453],[27.363586615918127,-32.02691363140099],[27.37454733684948,-32.01742162966283],[27.369963762641824,-32.013452247117776],[27.36219161507232,-32.02087326665852],[27.353223752492116,-32.01051835567144],[27.35521661084327,-31.99291500699339],[27.340668744879835,-31.989118206298123],[27.33369374065079,-31.997229553238007],[27.329907309783593,-31.978418131611466],[27.257566551636643,-31.99256984329382],[27.22707581886396,-31.97824554976168],[27.224485103007456,-31.988082715199415],[27.152542916530734,-31.99446824364145],[27.119262182066436,-31.980143950109316],[27.112087892002272,-31.93648074211377],[27.14776005648796,-31.92854197702367],[27.16988078418579,-31.944419507203868],[27.177652931755297,-31.934064596216782],[27.207944378692865,-31.9621954377317],[27.22847081970977,-31.96185027403213],[27.237040110619738,-31.94700823495064],[27.254776549945024,-31.93906946986054],[27.267331557557306,-31.944074343504298],[27.27211441760008,-31.933374268817644],[27.28367299603678,-31.931648450319795],[27.278690850158892,-31.91369993794218],[27.297623004494874,-31.90403535435423],[27.290648000265826,-31.88263520498092],[27.29323871612233,-31.8658947655518],[27.301409435362068,-31.86261571040589],[27.328910880608017,-31.89091913377059],[27.378931625222027,-31.889883642671883],[27.407828071313784,-31.89592400741435],[27.412013073851213,-31.85502210901536],[27.427158797319997,-31.86520443815266],[27.420383078926065,-31.843976870629135],[27.433934515713922,-31.809633082521966],[27.41918736391537,-31.768558602273192],[27.4233723664528,-31.75112783544493],[27.408226642984015,-31.746640707350526],[27.39866092289847,-31.725585721676783],[27.41420521803748,-31.72575830352657],[27.412411645521445,-31.70850011854809],[27.435329516559733,-31.69469357056531],[27.437123089075776,-31.676745058187695],[27.45426167089571,-31.678125712985974],[27.451073097533865,-31.69003386062112],[27.49591241043487,-31.700733935307778],[27.47658168442866,-31.732143831968607],[27.5052788446853,-31.719372775084533],[27.526403143207553,-31.727138958324847],[27.539755294160294,-31.723859903178937],[27.551911730102344,-31.710053355196155],[27.568851026087167,-31.72006310248367],[27.63361892249973,-31.71315982849228],[27.66151893941591,-31.729900267921405],[27.670287516160997,-31.711779173694],[27.69440110220998,-31.71350499219185],[27.7087496823383,-31.701769426406486],[27.72269969079639,-31.70660171820046],[27.743823989318642,-31.667425638299317],[27.758969712787426,-31.652583599217827],[27.780492582979907,-31.67622731263834],[27.792649018921956,-31.6812321862821],[27.791851875581493,-31.69866295311036],[27.801616881502156,-31.697800043861438],[27.79623616395404,-31.727484122024418],[27.802613310677735,-31.74750361659945],[27.81815760581675,-31.757513363886964],[27.83529618763669,-31.745605216251818],[27.840477619349695,-31.74819394399859],[27.84286904937108,-31.770802166320394],[27.85781548700475,-31.773736057766733],[27.87913907136212,-31.814810538015507],[27.956661261222074,-31.84932690797246],[27.998112714926116,-31.860026982659118],[28.016845583426978,-31.87279803954319],[28.01186343754909,-31.88539651457748],[27.997514857420768,-31.895061098165424],[28.01026915086816,-31.93975979725968],[27.999507715771923,-31.938551724311186],[27.993130569048226,-31.945800162002147],[27.983365563127563,-31.98428591450415],[28.008475578352126,-32.019837775559814],[28.01006986503305,-32.03640563313915],[27.966426267142737,-32.062810656156216],[27.950284114498377,-32.081967241482324],[27.88312478806443,-32.05021218112193],[27.876548355505612,-32.056425127714185],[27.886911218931623,-32.05832352806181],[27.88073335804304,-32.072130076044594],[27.86379406205822,-32.07713494968836],[27.895480509841594,-32.12286913988132],[27.88750907643697,-32.12770143167529],[27.856221200323823,-32.132188559769695],[27.828919040912993,-32.11820942993713],[27.841274762690155,-32.11130615594574],[27.83310404345042,-32.09318506171834],[27.815367604125132,-32.089388261023075],[27.809588314906783,-32.07955109558534],[27.783282584671525,-32.08144949593297],[27.792250447251725,-32.089388261023075],[27.79205116141661,-32.102504481606715],[27.774713293761558,-32.105093209353484],[27.784876871352452,-32.12131590323325],[27.778699010463868,-32.13339663271819],[27.792848304757072,-32.13305146901862],[27.816563319135824,-32.14720318070097],[27.82592975338626,-32.14029990670958],[27.828919040912993,-32.14927416289839],[27.819353320827446,-32.16308071088117],[27.800421166491464,-32.16342587458074],[27.81277688826863,-32.18327278730599],[27.794641877273115,-32.20035839043468],[27.787666873044067,-32.2170988298638],[27.796435449789154,-32.22745374085088],[27.760364713633237,-32.211231046971115],[27.757973283611847,-32.22055046685949],[27.769531862048552,-32.23073279599679]]]}},{"type":"Feature","id":"EC136","properties":{"MuniCode":"EC136","SourceUnits":"EC136"},"geometry":{"type":"Polygon","coordinates":[[[26.846838445463444,-31.435820795888162],[26.855806308043647,-31.412177082467647],[26.884503468300288,-31.39819795263508],[26.882311324114017,-31.378005876210263],[26.934723498749413,-31.344007251802665],[26.961228514819783,-31.361092854931357],[26.977769239134375,-31.34090077850654],[27.017227834487258,-31.361092854931357],[27.047519281424826,-31.344524997352018],[27.0676471507715,-31.361438018630928],[27.063462148234073,-31.372655838866937],[27.086579305107477,-31.397507625235942],[27.09973217022511,-31.39388340639046],[27.11667146620993,-31.420978756806672],[27.130820760503138,-31.42667395784957],[27.17526150173391,-31.367823547072962],[27.275900848467273,-31.339692705558047],[27.28148085185051,-31.38076718580682],[27.296228003649063,-31.375071984763924],[27.29084728610094,-31.356260563137383],[27.304199437053686,-31.348321798047284],[27.32253373388432,-31.379213949158757],[27.334092312321022,-31.38232042245488],[27.336284456507293,-31.37541714846349],[27.344654461582145,-31.380249440257465],[27.36259018674255,-31.422359411604948],[27.38590662945107,-31.41545613761356],[27.40842592881913,-31.4183900290599],[27.442902378294125,-31.37748813066091],[27.4566531009171,-31.300861789356475],[27.433934515713922,-31.27946163998316],[27.45127238336898,-31.257198581360928],[27.490730978721864,-31.25253887141674],[27.52600457153732,-31.227169339498378],[27.551513158432115,-31.230275812794503],[27.56964816942763,-31.209048245270978],[27.60532033391332,-31.211982136717317],[27.62405320241418,-31.224062866202253],[27.616281054844677,-31.236488759386756],[27.617277484020253,-31.268588983446723],[27.62903534829207,-31.292923024266376],[27.613092481482823,-31.303105353403677],[27.59934175885985,-31.336758814111704],[27.592566040465922,-31.336758814111704],[27.589576752939188,-31.360575109382],[27.57901460367806,-31.358158963485018],[27.590971753785,-31.382493004304667],[27.577420316997138,-31.389223696446273],[27.576423887821562,-31.41700937426162],[27.58937746710407,-31.41700937426162],[27.598544615519387,-31.44375956097826],[27.524410284856394,-31.459809673008245],[27.512253848914344,-31.47741302168629],[27.496510267940216,-31.478448512784997],[27.489734549546284,-31.486905023424452],[27.484154546163047,-31.478621094634782],[27.474389540242385,-31.481209822381555],[27.454460956730827,-31.498985752909384],[27.436325945735312,-31.496397025162615],[27.43154308569254,-31.515381028638938],[27.44190594911855,-31.529705322171075],[27.456852386752217,-31.527116594424303],[27.46123667512476,-31.55490227223965],[27.445094522480396,-31.551795798943523],[27.433934515713922,-31.532984377316986],[27.415998790553523,-31.539887651308376],[27.42835451233069,-31.570607220570064],[27.44230452078878,-31.580099222308228],[27.42955022734138,-31.590971878844666],[27.442105234953665,-31.610818791569915],[27.425365224803954,-31.61530591966432],[27.435130230724617,-31.624970503252264],[27.425963082309302,-31.64171094268139],[27.442902378294125,-31.6472335618745],[27.446090951655975,-31.654481999565462],[27.435329516559733,-31.6653546561019],[27.435329516559733,-31.69469357056531],[27.412411645521445,-31.70850011854809],[27.41420521803748,-31.72575830352657],[27.39866092289847,-31.725585721676783],[27.408226642984015,-31.746640707350526],[27.4233723664528,-31.75112783544493],[27.41918736391537,-31.768558602273192],[27.433934515713922,-31.809633082521966],[27.420383078926065,-31.843976870629135],[27.427158797319997,-31.86520443815266],[27.412013073851213,-31.85502210901536],[27.407828071313784,-31.89592400741435],[27.378931625222027,-31.889883642671883],[27.328910880608017,-31.89091913377059],[27.301409435362068,-31.86261571040589],[27.29323871612233,-31.8658947655518],[27.290648000265826,-31.89091913377059],[27.297623004494874,-31.90403535435423],[27.278690850158892,-31.91369993794218],[27.28367299603678,-31.931648450319795],[27.27211441760008,-31.933374268817644],[27.267331557557306,-31.944074343504298],[27.254776549945024,-31.93906946986054],[27.237040110619738,-31.94700823495064],[27.22847081970977,-31.96185027403213],[27.207944378692865,-31.9621954377317],[27.177652931755297,-31.934064596216782],[27.16988078418579,-31.944419507203868],[27.14776005648796,-31.92854197702367],[27.112087892002272,-31.93648074211377],[27.10591003111369,-31.91559833828981],[27.0369571321637,-31.86416894705395],[27.02579712539723,-31.858473746011054],[26.97258780742137,-31.85502210901536],[26.98075852666111,-31.827236431200014],[26.96640994653279,-31.79202973384392],[26.97258780742137,-31.787024860200162],[26.91260277105158,-31.77477154886544],[26.906225624327885,-31.7412906700072],[26.880119179927746,-31.738874524110212],[26.882311324114017,-31.715230810689697],[26.867962743985693,-31.7015968445567],[26.8488313038146,-31.69175967911897],[26.804589848418942,-31.706774300050245],[26.769714827273717,-31.66673531090018],[26.819735571887726,-31.623417266604203],[26.825315575270963,-31.603915517578525],[26.843649872101594,-31.58389602300349],[26.866966314810117,-31.5849315141022],[26.876532034895664,-31.56077005513233],[26.891677758364448,-31.54333928830407],[26.87493774821474,-31.515553610488723],[26.846639159628328,-31.507960009098195],[26.842254871255786,-31.482935640879404],[26.863977027283383,-31.4806920768322],[26.87892346491705,-31.445485379476107],[26.865770599799426,-31.434267559240098],[26.846838445463444,-31.435820795888162]]]}},{"type":"Feature","id":"EC137","properties":{"MuniCode":"EC137","SourceUnits":"EC137"},"geometry":{"type":"Polygon","coordinates":[[[28.352044358091373,-31.82861708599829],[28.327332914537042,-31.828271922298722],[28.327731486207274,-31.83776392403688],[28.311190761892682,-31.848291416873753],[28.30182432764225,-31.840352651783654],[28.307005759355253,-31.83396712334162],[28.293653608402508,-31.81084115547046],[28.286877890008583,-31.80549111812713],[28.28289217330627,-31.816881520212924],[28.27791002742838,-31.815155701715078],[28.279305028274187,-31.80065882633316],[28.268145021507717,-31.80221206298122],[28.270137879858872,-31.791166824594995],[28.24901358133662,-31.796516861938322],[28.23506357287853,-31.83724617848753],[28.237455002899917,-31.86158021930718],[28.229483569495294,-31.85536727271493],[28.224501423617404,-31.86088989190804],[28.236259287889226,-31.869346402547496],[28.209554985983736,-31.928369395173885],[28.20895712847839,-31.94562758015236],[28.194608548350068,-31.966337402126534],[28.192217118328685,-31.96046961923385],[28.183249255748482,-31.96616482027675],[28.18504282826452,-31.956500236688804],[28.173284963992703,-31.949596962697413],[28.16890067562016,-31.952358272293967],[28.17926353904617,-31.95857121888622],[28.17886496737594,-31.967545475075028],[28.141399230374212,-31.982560096006303],[28.125057791894733,-31.996884389538437],[28.06407632634937,-32.01724904781304],[28.046339887024082,-32.04089276123355],[28.018838441778133,-32.043136325280756],[28.01006986503305,-32.03640563313915],[28.008475578352126,-32.019837775559814],[27.983365563127563,-31.98428591450415],[27.993130569048226,-31.945800162002147],[27.999507715771923,-31.938551724311186],[28.01026915086816,-31.93975979725968],[27.997514857420768,-31.895061098165424],[28.01186343754909,-31.88539651457748],[28.016845583426978,-31.87279803954319],[27.998112714926116,-31.860026982659118],[27.956661261222074,-31.84932690797246],[27.87913907136212,-31.814810538015507],[27.85781548700475,-31.773736057766733],[27.84286904937108,-31.770802166320394],[27.840477619349695,-31.74819394399859],[27.83529618763669,-31.745605216251818],[27.81815760581675,-31.757513363886964],[27.802613310677735,-31.74750361659945],[27.79623616395404,-31.727484122024418],[27.801616881502156,-31.697800043861438],[27.789261159724994,-31.695901643513803],[27.792649018921956,-31.6812321862821],[27.780492582979907,-31.67622731263834],[27.758969712787426,-31.652583599217827],[27.75837185528208,-31.65655298176288],[27.725688978323127,-31.607884900123572],[27.73405898339798,-31.563531364728888],[27.835096901801574,-31.536608596162466],[27.845858336897816,-31.540577978707514],[27.86060548869637,-31.53436503211526],[27.89388622316067,-31.5509328896946],[27.913017663331765,-31.531776304368492],[27.971806984690858,-31.537644087261175],[27.987351279829873,-31.532984377316986],[27.993130569048226,-31.525390775926454],[28.048532031210357,-31.505716445050993],[28.054510606263822,-31.463951637403078],[28.07523633311584,-31.466712946999635],[28.090182770749507,-31.457048363411687],[28.099549204999942,-31.439445014733643],[28.107919210074797,-31.44168857878084],[28.156943525513228,-31.40182217148056],[28.16929924729039,-31.40320282627884],[28.180857825727095,-31.39302049714154],[28.26077144560844,-31.370412274819735],[28.280899314955114,-31.390259187544984],[28.293852894237624,-31.41666421056205],[28.322151482824037,-31.428399776347415],[28.331318631239355,-31.447556361673524],[28.365595794879233,-31.463951637403078],[28.381339375853365,-31.48000174943306],[28.375958658305244,-31.48000174943306],[28.36340365069296,-31.502264808055298],[28.373367942448738,-31.523837539278393],[28.369182939911312,-31.53798925096074],[28.3741650857892,-31.537644087261175],[28.38114009001825,-31.558008745535776],[28.363204364857843,-31.57768307641124],[28.354236502277644,-31.573195948316837],[28.32115505364846,-31.59028155144553],[28.308998617706408,-31.61823981111066],[28.311589333562914,-31.630320540595594],[28.31756790861638,-31.62876730394753],[28.320955767813345,-31.637741560136337],[28.313582191914065,-31.641193197132033],[28.31298433440872,-31.65016745332084],[28.302422185147595,-31.652756181067613],[28.320557196143113,-31.655862654363737],[28.319560766967534,-31.662248182805776],[28.31039361855222,-31.663283673904484],[28.31338290607895,-31.671740184543935],[28.304614329333866,-31.676054730788557],[28.311190761892682,-31.688308042123275],[28.329525058723313,-31.69469357056531],[28.32972434455843,-31.707464627449383],[28.34407292468675,-31.716956629187546],[28.33610149128213,-31.731108340869895],[28.34447149635698,-31.734559977865594],[28.34447149635698,-31.742498742955693],[28.358222218979954,-31.746640707350526],[28.337895063798168,-31.755614963539333],[28.350649357245565,-31.766487620075775],[28.3472614980486,-31.778050604011355],[28.352841501431836,-31.783745805054252],[28.334905776271434,-31.789268424247364],[28.324941484515655,-31.785471623552098],[28.323945055340076,-31.790821660895425],[28.346065783037908,-31.807734682174335],[28.33948935047909,-31.818434756860988],[28.352044358091373,-31.82861708599829]]]}},{"type":"Feature","id":"EC138","properties":{"MuniCode":"EC138","SourceUnits":"EC138"},"geometry":{"type":"Polygon","coordinates":[[[27.62405320241418,-31.224062866202253],[27.680251807916775,-31.227859666897515],[27.71014468318411,-31.21681442851129],[27.706358252316914,-31.23010323094472],[27.736450413419366,-31.235108104588477],[27.75279185189884,-31.221301556605695],[27.759966141963005,-31.20369820792765],[27.785873300528028,-31.20300788052851],[27.808193314060972,-31.214743446313875],[27.814969032454904,-31.2076675904727],[27.87176549546284,-31.20335304422808],[27.90385051491645,-31.227169339498378],[27.906042659102717,-31.24822432517212],[27.93115267432728,-31.23407261348977],[27.98854699484057,-31.240458141931803],[27.99651842824519,-31.256335672112],[28.016447011756746,-31.258924399858774],[28.050724175396624,-31.287227823223475],[28.080816336499076,-31.32381517537785],[28.10134277751598,-31.313978009940115],[28.111107783436644,-31.292577860566805],[28.12127136102754,-31.300171461957333],[28.146580662087217,-31.30034404380712],[28.142794231220023,-31.31242477329205],[28.166907817269006,-31.310353791094634],[28.173085678157587,-31.304140844502385],[28.197597835876806,-31.31587641028775],[28.216131418542552,-31.31276993699162],[28.229483569495294,-31.3300281219701],[28.253796441379393,-31.33399750451515],[28.25140501135801,-31.356605726836953],[28.26077144560844,-31.370412274819735],[28.180857825727095,-31.39302049714154],[28.16929924729039,-31.40320282627884],[28.156943525513228,-31.40182217148056],[28.107919210074797,-31.44168857878084],[28.099549204999942,-31.439445014733643],[28.090182770749507,-31.457048363411687],[28.07523633311584,-31.466712946999635],[28.054510606263822,-31.463951637403078],[28.048532031210357,-31.505716445050993],[27.993130569048226,-31.525390775926454],[27.987351279829873,-31.532984377316986],[27.971806984690858,-31.537644087261175],[27.913017663331765,-31.531776304368492],[27.89388622316067,-31.5509328896946],[27.86060548869637,-31.53436503211526],[27.845858336897816,-31.540577978707514],[27.835096901801574,-31.536608596162466],[27.738841843440753,-31.559044236634485],[27.725688978323127,-31.607884900123572],[27.75837185528208,-31.65655298176288],[27.743823989318642,-31.667425638299317],[27.72269969079639,-31.70660171820046],[27.7087496823383,-31.701769426406486],[27.69440110220998,-31.71350499219185],[27.670287516160997,-31.711779173694],[27.66151893941591,-31.729900267921405],[27.63361892249973,-31.71315982849228],[27.568851026087167,-31.72006310248367],[27.551911730102344,-31.710053355196155],[27.539755294160294,-31.723859903178937],[27.526403143207553,-31.727138958324847],[27.5052788446853,-31.719372775084533],[27.47658168442866,-31.732143831968607],[27.49591241043487,-31.700733935307778],[27.451073097533865,-31.69003386062112],[27.45426167089571,-31.678125712985974],[27.435329516559733,-31.674156330440923],[27.43732237491089,-31.659659455059003],[27.446090951655975,-31.654481999565462],[27.442902378294125,-31.6472335618745],[27.426760225649765,-31.644127088578376],[27.435130230724617,-31.624970503252264],[27.425365224803954,-31.61530591966432],[27.442105234953665,-31.610818791569915],[27.42955022734138,-31.590971878844666],[27.44230452078878,-31.580099222308228],[27.42835451233069,-31.570607220570064],[27.415998790553523,-31.539887651308376],[27.433934515713922,-31.532984377316986],[27.445094522480396,-31.551795798943523],[27.46123667512476,-31.55490227223965],[27.456852386752217,-31.527116594424303],[27.44190594911855,-31.529705322171075],[27.43154308569254,-31.515381028638938],[27.436325945735312,-31.496397025162615],[27.454460956730827,-31.498985752909384],[27.474389540242385,-31.481209822381555],[27.484154546163047,-31.478621094634782],[27.489734549546284,-31.486905023424452],[27.496510267940216,-31.478448512784997],[27.512253848914344,-31.47741302168629],[27.524410284856394,-31.459809673008245],[27.598544615519387,-31.44375956097826],[27.58937746710407,-31.41700937426162],[27.576423887821562,-31.41700937426162],[27.577420316997138,-31.389223696446273],[27.590971753785,-31.382493004304667],[27.57901460367806,-31.358158963485018],[27.589576752939188,-31.360575109382],[27.592566040465922,-31.336758814111704],[27.59934175885985,-31.336758814111704],[27.613092481482823,-31.303105353403677],[27.62903534829207,-31.292923024266376],[27.617277484020253,-31.268588983446723],[27.616281054844677,-31.236488759386756],[27.62405320241418,-31.224062866202253]]]}},{"type":"Feature","id":"EC139","properties":{"MuniCode":"EC139","SourceUnits":"EC132,EC133,EC134"},"geometry":{"type":"Polygon","coordinates":[[[26.771707685624875,-32.33842387026249],[26.74301052536823,-32.33704321546421],[26.736234806974302,-32.327378631876265],[26.711722649255087,-32.33997710691055],[26.720889797670402,-32.35965143778602],[26.728661945239907,-32.36258532923236],[26.73224909027199,-32.397101699189314],[26.70474764502604,-32.41815668486305],[26.671865482231972,-32.41556795711628],[26.66249904798154,-32.42799385030079],[26.60111901076594,-32.397274281039095],[26.5877668598132,-32.396583953639954],[26.58039328391392,-32.387091951901795],[26.566841847126064,-32.40193399098329],[26.539141116045,-32.3858838789533],[26.533760398496877,-32.36016918333537],[26.51562538750136,-32.354473982292475],[26.458231066988077,-32.360859510734514],[26.430729621742124,-32.35464656414226],[26.40442389150687,-32.363965984030635],[26.37094387120745,-32.35689012818946],[26.30956383399186,-32.37604671351557],[26.235030931658635,-32.353956236743116],[26.18660447372555,-32.36879827582461],[26.202547340534792,-32.331348014421316],[26.18919518958205,-32.28975578862319],[26.19915948133783,-32.26887338479923],[26.19278233461413,-32.21692624801401],[26.206931628907334,-32.16446136567944],[26.14076873164897,-32.1468580170014],[26.13917444496804,-32.119072339186054],[26.076000835236407,-32.112686810744016],[26.073609405215016,-32.10336739085564],[26.055275108384386,-32.099570590160376],[26.064242970964585,-32.0800688411347],[26.031958665675862,-32.07333814899309],[26.009638652142918,-32.076444622289216],[25.99967436038714,-32.07057683939653],[26.02398723227124,-32.05521705476569],[26.021994373920084,-32.0448621437786],[26.000471503727603,-32.03847661533656],[26.033951524027017,-32.00154409948263],[25.999475074552024,-32.00499573647832],[25.94845790076244,-31.981179441208024],[25.85020998405046,-31.908867646148206],[25.830082114703785,-31.92094837563314],[25.762125644929377,-31.897822407761982],[25.765314218291223,-31.878838404285656],[25.737414201375046,-31.883325532380063],[25.72326490708184,-31.8636512015046],[25.733827056342964,-31.857783418611916],[25.72286633541161,-31.854849527165573],[25.706923468602362,-31.86227054670632],[25.69935060686797,-31.882980368680492],[25.67384201997318,-31.899030480710476],[25.640561285508873,-31.902654699555956],[25.63418413878518,-31.839662324384516],[25.616646985295006,-31.83914457883516],[25.60708126520946,-31.81912508426013],[25.590540540894867,-31.819987993509052],[25.591536970070443,-31.81222181026874],[25.563636953154266,-31.80290239038036],[25.56104623729776,-31.764244056028573],[25.549288373025945,-31.76096500088266],[25.541516225456434,-31.7673505293247],[25.508634062662367,-31.76131016458223],[25.489502622491273,-31.753889145041487],[25.477944044054567,-31.739392269659565],[25.441674022063534,-31.758203691286106],[25.427126156100094,-31.741118088157414],[25.36036540133638,-31.71454048329056],[25.392051849119756,-31.690724188020262],[25.399425425019032,-31.676745058187695],[25.414969720158048,-31.674328912290708],[25.45442831551093,-31.684683823277794],[25.479538330735494,-31.66897887494738],[25.496477626720313,-31.642919015629882],[25.52836336033881,-31.613752683016255],[25.50743834765167,-31.57595725791339],[25.505844060970748,-31.548861907497184],[25.534541221227393,-31.534537613965046],[25.547893372180134,-31.554384526690296],[25.61684627113012,-31.580099222308228],[25.642354858024916,-31.576475003462747],[25.615451270284314,-31.54333928830407],[25.564035524824497,-31.526771430724732],[25.566825526516112,-31.518487501935063],[25.586554824192554,-31.51141164609389],[25.578583390787934,-31.49121956966907],[25.617045556965238,-31.473961384690593],[25.6331877096096,-31.47965658573349],[25.632390566269137,-31.474306548390164],[25.647934861408153,-31.465504874051142],[25.65251843561581,-31.449109598321588],[25.665671300733436,-31.461017745956738],[25.691578459298462,-31.458083854510395],[25.7061263252619,-31.475169457639087],[25.723464192916957,-31.47309847544167],[25.73322919883762,-31.455149963064056],[25.769299934993537,-31.44410472467783],[25.82310711047474,-31.46585003775071],[25.85658713077416,-31.45359672641599],[25.920557883846257,-31.472235566192747],[25.92314859970276,-31.46757585624856],[25.96599505425261,-31.47672269428715],[25.991304355312288,-31.43547563218859],[25.98791649611532,-31.42356748455344],[26.001467932903182,-31.4104512639698],[26.005453649605492,-31.381975258755315],[25.999275788716908,-31.334860413764073],[26.014222226350576,-31.32674906682419],[26.033154380686554,-31.332099104167515],[26.121836577312987,-31.293613351665513],[26.134590870760384,-31.25150338031803],[26.161494458500986,-31.26634541939952],[26.203344483875256,-31.27721807593596],[26.237023790009786,-31.22423544805204],[26.298802398895617,-31.21681442851129],[26.297407398049806,-31.233209704240846],[26.336068850062226,-31.249432398120614],[26.347826714334047,-31.21646926481172],[26.358189577760058,-31.222337047704404],[26.362175294462368,-31.215778937412583],[26.3561967194089,-31.208185336022055],[26.35858814943029,-31.19644977023669],[26.37094387120745,-31.183678713352617],[26.37931387628231,-31.188338423296806],[26.426345333369582,-31.184714204451325],[26.41259461074661,-31.20663209937399],[26.427142476710046,-31.223027375103545],[26.531966825980838,-31.207840172322484],[26.528778252618988,-31.226306430249455],[26.55807327038098,-31.238559741584172],[26.577204710552074,-31.21974831995763],[26.628819741847007,-31.22941290354558],[26.689203349887023,-31.1917900602925],[26.703950501685576,-31.212154718567103],[26.70873336172835,-31.277045494086174],[26.666684050518967,-31.32139902948086],[26.671267624726624,-31.35349925354083],[26.663694762992233,-31.37248325701715],[26.612677589202647,-31.3719655114678],[26.629616885187467,-31.405618972175827],[26.633403316054665,-31.45532254491384],[26.679836915636592,-31.438582105484716],[26.699167641642802,-31.45169832606836],[26.730256231920833,-31.44617570687525],[26.743209811203347,-31.417181956111406],[26.80518770592429,-31.433059486291604],[26.865770599799426,-31.434267559240098],[26.87892346491705,-31.445485379476107],[26.863977027283383,-31.4806920768322],[26.842254871255786,-31.482935640879404],[26.846639159628328,-31.507960009098195],[26.87493774821474,-31.515553610488723],[26.891677758364448,-31.54333928830407],[26.876532034895664,-31.56077005513233],[26.866966314810117,-31.5849315141022],[26.843649872101594,-31.58389602300349],[26.825315575270963,-31.603915517578525],[26.819735571887726,-31.623417266604203],[26.769714827273717,-31.66673531090018],[26.804589848418942,-31.706774300050245],[26.8488313038146,-31.69175967911897],[26.867962743985693,-31.7015968445567],[26.882311324114017,-31.715230810689697],[26.880119179927746,-31.738874524110212],[26.906225624327885,-31.7412906700072],[26.91260277105158,-31.77477154886544],[26.97258780742137,-31.787024860200162],[26.96640994653279,-31.79202973384392],[26.98075852666111,-31.827236431200014],[26.97258780742137,-31.85502210901536],[27.02579712539723,-31.858473746011054],[27.10591003111369,-31.91559833828981],[27.119262182066436,-31.980143950109316],[27.152542916530734,-31.99446824364145],[27.224485103007456,-31.988082715199415],[27.22707581886396,-31.97824554976168],[27.257566551636643,-31.99256984329382],[27.329907309783593,-31.978418131611466],[27.33369374065079,-31.997229553238007],[27.340668744879835,-31.989118206298123],[27.35521661084327,-31.99291500699339],[27.353223752492116,-32.01051835567144],[27.36219161507232,-32.02087326665852],[27.369963762641824,-32.013452247117776],[27.37454733684948,-32.01742162966283],[27.363586615918127,-32.02691363140099],[27.371757335157866,-32.03209108689453],[27.363785901753243,-32.036060469439576],[27.36518090259905,-32.0483137807743],[27.352625894986772,-32.05021218112193],[27.37155804932275,-32.05366381811763],[27.38192091274876,-32.06936876644804],[27.368768047631132,-32.07765269523771],[27.390290917823613,-32.08127691408319],[27.400454495414508,-32.07005909384718],[27.412013073851213,-32.078688186336414],[27.411813788016097,-32.098880262761234],[27.39487449203127,-32.098880262761234],[27.388098773637342,-32.109062591898535],[27.397664493722893,-32.115448120340574],[27.414404503872596,-32.112686810744016],[27.42377093812303,-32.12183364878261],[27.403842354611474,-32.122523976181746],[27.397465207887777,-32.136157942314746],[27.418589506410026,-32.15410645469236],[27.415799504718407,-32.18240987805706],[27.44369952163459,-32.181719550657924],[27.446489523326207,-32.17360820371804],[27.43453237321927,-32.16325329273095],[27.440112376602507,-32.155314527640854],[27.450475240028517,-32.15738550983827],[27.4630302476408,-32.174988858516315],[27.48236097364701,-32.1627355471816],[27.500097412972295,-32.18724216985103],[27.495713124599753,-32.19052122499694],[27.484353831998163,-32.18292762360642],[27.481763116141664,-32.18724216985103],[27.513648849760152,-32.221413376108416],[27.485748832843974,-32.25265069091946],[27.492524551237903,-32.264731420404395],[27.48554954700886,-32.27922829578632],[27.492125979567675,-32.30666880990209],[27.460838103454527,-32.334281905867655],[27.4413080916132,-32.334454487717444],[27.451870240874328,-32.34826103570022],[27.441108805778086,-32.35878852853709],[27.413806646367252,-32.33842387026249],[27.411016644675634,-32.35499172784183],[27.38690305862665,-32.35878852853709],[27.36617733177463,-32.35102234529678],[27.37056162014717,-32.34014968876034],[27.347843034944,-32.31167368354585],[27.33648374234241,-32.32064793973466],[27.333893026485907,-32.314434993142406],[27.323131591389668,-32.31478015684198],[27.3197437321927,-32.300628445159624],[27.304199437053686,-32.2952784078163],[27.302605150372763,-32.28837513382491],[27.29244157278187,-32.28941062492362],[27.274107275951234,-32.26990887589794],[27.243616543178554,-32.281989605382876],[27.205951520341706,-32.26611207520267],[27.198378658607318,-32.24937163577355],[27.185026507654573,-32.2510974542714],[27.180642219282028,-32.23314894189378],[27.11986003957178,-32.238671561086896],[27.12444361377944,-32.228834395649166],[27.091561450985367,-32.22089563055906],[27.051305712292024,-32.235392505940986],[27.04931285394087,-32.21968755761057],[27.01085068776356,-32.22244886720713],[26.9793635258153,-32.20639875517715],[26.965413517357213,-32.191556716095654],[26.959434942303744,-32.205190682228654],[26.925157778663866,-32.23884414293668],[26.90024704927442,-32.251442617970966],[26.89287347337514,-32.271634694395786],[26.869357744831504,-32.26956371219837],[26.851023448000873,-32.24695548987656],[26.843251300431362,-32.248163562825056],[26.848034160474135,-32.26680240260181],[26.83268915117024,-32.271462112546004],[26.82989914947862,-32.288547715674696],[26.812162710153334,-32.29579615336565],[26.81196342431822,-32.30908495579908],[26.82989914947862,-32.324444740429925],[26.811764138483102,-32.33583514251572],[26.79342984165247,-32.33997710691055],[26.775693402327185,-32.33324641476895],[26.771707685624875,-32.33842387026249]]]}},{"type":"Feature","id":"EC141","properties":{"MuniCode":"EC141","SourceUnits":"EC141"},"geometry":{"type":"Polygon","coordinates":[[[28.38233580502894,-31.480519494982417],[28.365595794879233,-31.463951637403078],[28.331318631239355,-31.447556361673524],[28.322151482824037,-31.428399776347415],[28.293852894237624,-31.41666421056205],[28.280899314955114,-31.390259187544984],[28.25140501135801,-31.356605726836953],[28.253796441379393,-31.33399750451515],[28.229483569495294,-31.3300281219701],[28.216131418542552,-31.31276993699162],[28.197597835876806,-31.31587641028775],[28.173085678157587,-31.304140844502385],[28.166907817269006,-31.310353791094634],[28.142794231220023,-31.31242477329205],[28.146580662087217,-31.30034404380712],[28.12127136102754,-31.300171461957333],[28.111107783436644,-31.292577860566805],[28.10134277751598,-31.313978009940115],[28.080816336499076,-31.32381517537785],[28.050724175396624,-31.287227823223475],[28.016447011756746,-31.258924399858774],[27.99651842824519,-31.256335672112],[27.98854699484057,-31.240458141931803],[27.93115267432728,-31.23407261348977],[27.949486971157913,-31.203870789777433],[27.968419125493895,-31.198520752434106],[27.98555770731383,-31.15192365299222],[27.98157199061152,-31.076505384636278],[28.063877040514253,-31.012650100215915],[28.051122747066856,-30.974336929563695],[28.065869898865408,-30.965362673374887],[28.059692037976827,-30.94948514319469],[28.080816336499076,-30.939475395907174],[28.078624192312805,-30.913070372890104],[28.11768421599546,-30.861295817954673],[28.121470646862655,-30.840068250431145],[28.13203279612378,-30.835235958637174],[28.125456363564965,-30.791227586942057],[28.138210657012362,-30.782080748903464],[28.120474217687075,-30.778111366358416],[28.131434938618433,-30.742559505302754],[28.15136352212999,-30.717707718933745],[28.147975662933028,-30.7001043702557],[28.16232424306135,-30.69285593256474],[28.141199944539096,-30.659720217406065],[28.11768421599546,-30.668694473594872],[28.123662791048925,-30.64936530641898],[28.110509925931296,-30.608635989869775],[28.11409707096338,-30.598971406281827],[28.14100065870398,-30.59051489564237],[28.160530670545306,-30.572566383264757],[28.16351995807204,-30.55599852568542],[28.156943525513228,-30.544262959900056],[28.16670853143389,-30.529766084518137],[28.176473537354553,-30.52700477492158],[28.172487820652243,-30.50819335329504],[28.180459254056863,-30.493523896063333],[28.155548524667417,-30.471778582990453],[28.15634566800788,-30.465565636398203],[28.187633544121027,-30.43467348528673],[28.20636641262189,-30.4372622130335],[28.228885711989946,-30.43001377534254],[28.239447861251072,-30.413100754063635],[28.257383586411475,-30.418278209557176],[28.252999298038933,-30.405161988973532],[28.26874287901306,-30.373752092312706],[28.275319311571877,-30.372889183063783],[28.29903432595063,-30.37357951046292],[28.36659222405481,-30.4032635886259],[28.38612223589614,-30.40602489822246],[28.39050652426868,-30.401537770128055],[28.41521796782301,-30.418795955106532],[28.436940123850608,-30.419313700655884],[28.448299416452194,-30.427942793145125],[28.480783007576036,-30.422247592102227],[28.50170802026317,-30.435881558235224],[28.510476597008257,-30.45141392471585],[28.506490880305943,-30.469189855243684],[28.533394468046545,-30.470052764492607],[28.540170186440477,-30.451586506565636],[28.577038065936854,-30.4372622130335],[28.586205214352173,-30.452621997664345],[28.610717372071388,-30.46625596379734],[28.614105231268354,-30.462286581252293],[28.61609808961951,-30.47229632853981],[28.62765666805621,-30.472814074089165],[28.628453811396675,-30.47747378403335],[28.608525227885117,-30.47747378403335],[28.569863775872697,-30.49628520565989],[28.564682344159692,-30.51043691734224],[28.575643065091047,-30.515959536535355],[28.57325163506966,-30.522517646827175],[28.56069662745738,-30.518375682432342],[28.549337334855792,-30.540983904754146],[28.544155903142787,-30.540983904754146],[28.546945904834402,-30.54875008799446],[28.524825177136577,-30.548232342445104],[28.513665170370103,-30.565145363724014],[28.540568758110705,-30.58896165899431],[28.552326622382523,-30.618818319007076],[28.56029805578715,-30.621061883054278],[28.555913767414605,-30.65195403416575],[28.56647591667573,-30.65954763555628],[28.542960188132092,-30.667658982496164],[28.554518766568798,-30.681810694178516],[28.54993519236114,-30.69251076886517],[28.562490199973418,-30.700967279504624],[28.56109519912761,-30.708906044594723],[28.589792359384255,-30.711494772341496],[28.60254665283165,-30.728580375470187],[28.59756450695376,-30.734275576513085],[28.606731655369074,-30.737036886109642],[28.612710230422543,-30.74963536114393],[28.607528798709538,-30.7544676529379],[28.62765666805621,-30.755157980337042],[28.648382394908232,-30.776730711560138],[28.653563826621237,-30.791400168791842],[28.661734545860973,-30.790364677693134],[28.65017596742427,-30.794506642087967],[28.657150971653316,-30.800029261281082],[28.65077382492962,-30.80555188047419],[28.668908835925137,-30.818668101057835],[28.685250274404613,-30.816597118860418],[28.676880269329757,-30.830576248692985],[28.687043846920652,-30.83730694083459],[28.69441742281993,-30.859224835757256],[28.69302242197412,-30.867508764546926],[28.672097409286984,-30.867681346396708],[28.647983823238,-30.880279821430996],[28.649976681589155,-30.90754775369699],[28.66053883085028,-30.922389792778482],[28.656553114147968,-30.927567248272023],[28.63861738898757,-30.921009137980203],[28.577038065936854,-30.934815685962985],[28.575643065091047,-30.951556125392106],[28.587400929362865,-30.966743328173166],[28.57723735177197,-30.99297576934045],[28.550134478196256,-30.995219333387652],[28.54854019151533,-31.009888790619357],[28.555116624074145,-31.0173098101601],[28.52522374880681,-31.04871970682093],[28.530604466354927,-31.054414907863826],[28.50529516529525,-31.049410034220067],[28.494334444363894,-31.032151849241593],[28.490747299331815,-31.039918032481907],[28.49672587438528,-31.058384290408878],[28.518647316247993,-31.069947274344457],[28.520440888764035,-31.0773682938852],[28.51286802702964,-31.084098986026806],[28.52103874626938,-31.086342550074008],[28.523031604620535,-31.102737825803562],[28.514063742040335,-31.109295936095382],[28.51924517375334,-31.112747573091077],[28.534390897222124,-31.10739753574775],[28.53957232893513,-31.09031193261906],[28.560497341622263,-31.084616731576162],[28.56328734331388,-31.10308298950313],[28.574447350080355,-31.098078115859373],[28.592183789405638,-31.106534626498828],[28.600952366150725,-31.088240950421643],[28.60832594205,-31.091174841867982],[28.608126656214885,-31.102565243953777],[28.64300167736011,-31.099976516207004],[28.65475954163193,-31.106879790198395],[28.653563826621237,-31.113783064189786],[28.694616708655044,-31.11999601078204],[28.69800456785201,-31.12879768512106],[28.692424564468773,-31.133629976915035],[28.67548526848395,-31.135010631713314],[28.667115263409094,-31.169527001670268],[28.67767741267022,-31.163314055078015],[28.687243132755768,-31.165730200975002],[28.68226098687788,-31.179191585258213],[28.693420993644352,-31.191617478442716],[28.69202599279854,-31.198003006884754],[28.68046741436184,-31.200591734631523],[28.670702408441176,-31.18454162260154],[28.65336454078612,-31.19472395173884],[28.65515811330216,-31.200419152781738],[28.64658882239219,-31.209048245270978],[28.623073093848554,-31.220956392906125],[28.62725809638598,-31.226824175798807],[28.619485948816475,-31.236833923086326],[28.613706659598122,-31.22941290354558],[28.608724513720233,-31.23769683233525],[28.597763792788875,-31.239422650833095],[28.584212356001018,-31.23234679499192],[28.58221949764986,-31.241148469330945],[28.570860205048273,-31.240803305631374],[28.56069662745738,-31.231483885742996],[28.559102340776455,-31.23925006898331],[28.548141619845097,-31.235453268288047],[28.537978042254203,-31.24598076112492],[28.514063742040335,-31.243737197077717],[28.513665170370103,-31.248569488871688],[28.495131587704357,-31.25115821661846],[28.48556586761881,-31.26634541939952],[28.47420657501722,-31.269797056395216],[28.46523871243702,-31.28049713108187],[28.46603585577748,-31.298790807159058],[28.451886561484276,-31.303450517103244],[28.470420144150026,-31.323642593528064],[28.495131587704357,-31.326403903124618],[28.499117304406667,-31.34849437989707],[28.483971580937883,-31.374209075514997],[28.4624487107454,-31.387497877948427],[28.443915128079652,-31.38646238684972],[28.444114413914768,-31.397852788935513],[28.42876940461087,-31.40354798997841],[28.427175117929945,-31.41873519275947],[28.407246534418388,-31.427709448948278],[28.3984779576733,-31.46757585624856],[28.38233580502894,-31.480519494982417]]]}},{"type":"Feature","id":"EC142","properties":{"MuniCode":"EC142","SourceUnits":"EC142"},"geometry":{"type":"Polygon","coordinates":[[[27.377337338541103,-30.32715499287082],[27.383116627759453,-30.33699215830855],[27.39308091951523,-30.33975346790511],[27.4502759541934,-30.314729099686318],[27.46462453432172,-30.314038772287176],[27.475385969417964,-30.32180495552749],[27.474987397747732,-30.35649390733423],[27.48694454785467,-30.36184394467756],[27.48953526371117,-30.37357951046292],[27.502688128828797,-30.372889183063783],[27.506873131366227,-30.387558640295488],[27.53397600494194,-30.384279585149578],[27.553107445113035,-30.401192606428484],[27.570246026932978,-30.425871810947704],[27.564865309384857,-30.433465412338236],[27.567256739406243,-30.44485581442403],[27.60432390473774,-30.44951552436822],[27.59754818634381,-30.456936543908963],[27.615085339833982,-30.477646365883135],[27.614886053998866,-30.488346440569792],[27.606914620594242,-30.492488404964625],[27.619868199876755,-30.49369647791312],[27.62365463074395,-30.50612237109762],[27.691013243013014,-30.541329068453713],[27.69739038973671,-30.55340979793865],[27.694201816374864,-30.558759835281975],[27.71652182990781,-30.56859700071971],[27.741831130967487,-30.603976279925586],[27.795439020613575,-30.619163482706647],[27.88113192971327,-30.61364086351353],[27.88970122062324,-30.60518435287408],[27.91540909335315,-30.60121497032903],[27.922384097582196,-30.609153735419127],[27.920590525066157,-30.62261511970234],[27.932946246843322,-30.627447411496313],[27.940519108577714,-30.644187850925437],[27.97758627390921,-30.655060507461876],[27.991735568202415,-30.650918543067043],[28.003692718309352,-30.659029890006927],[28.084602767366274,-30.654025016363168],[28.11349921345803,-30.675425165736478],[28.141199944539096,-30.659720217406065],[28.16232424306135,-30.69285593256474],[28.147975662933028,-30.7001043702557],[28.15136352212999,-30.717707718933745],[28.131434938618433,-30.742559505302754],[28.120474217687075,-30.778111366358416],[28.138210657012362,-30.782080748903464],[28.125456363564965,-30.791227586942057],[28.13203279612378,-30.835235958637174],[28.121470646862655,-30.840068250431145],[28.11768421599546,-30.861295817954673],[28.078624192312805,-30.913070372890104],[28.080816336499076,-30.939475395907174],[28.059692037976827,-30.94948514319469],[28.065869898865408,-30.965362673374887],[28.051122747066856,-30.974336929563695],[28.063877040514253,-31.012650100215915],[27.98157199061152,-31.076505384636278],[27.98555770731383,-31.15192365299222],[27.968419125493895,-31.198520752434106],[27.949486971157913,-31.203870789777433],[27.93115267432728,-31.23407261348977],[27.906042659102717,-31.24822432517212],[27.90385051491645,-31.227169339498378],[27.87176549546284,-31.20335304422808],[27.814969032454904,-31.2076675904727],[27.808193314060972,-31.214743446313875],[27.785873300528028,-31.20300788052851],[27.759966141963005,-31.20369820792765],[27.75279185189884,-31.221301556605695],[27.736450413419366,-31.235108104588477],[27.706358252316914,-31.23010323094472],[27.71014468318411,-31.21681442851129],[27.680251807916775,-31.227859666897515],[27.62405320241418,-31.224062866202253],[27.60532033391332,-31.211982136717317],[27.56964816942763,-31.209048245270978],[27.551513158432115,-31.230275812794503],[27.52600457153732,-31.227169339498378],[27.490730978721864,-31.25253887141674],[27.45127238336898,-31.257198581360928],[27.433934515713922,-31.27946163998316],[27.4566531009171,-31.300861789356475],[27.43991309076739,-31.38473656835187],[27.40842592881913,-31.4183900290599],[27.38590662945107,-31.41545613761356],[27.36259018674255,-31.422359411604948],[27.344654461582145,-31.380249440257465],[27.336284456507293,-31.37541714846349],[27.334092312321022,-31.38232042245488],[27.32253373388432,-31.379213949158757],[27.304199437053686,-31.348321798047284],[27.29084728610094,-31.356260563137383],[27.296228003649063,-31.375071984763924],[27.28148085185051,-31.38076718580682],[27.275900848467273,-31.339692705558047],[27.29682586115441,-31.340037869257614],[27.296626575319294,-31.291542369468097],[27.27251298927031,-31.264447019051886],[27.255573693285484,-31.266518001249306],[27.242221542332743,-31.259959890957482],[27.195389371080584,-31.283431022528212],[27.165097924143016,-31.2597873091077],[27.167489354164402,-31.218022501459785],[27.17346792921787,-31.216641846661506],[27.1648986383079,-31.18264322225391],[27.170478641691137,-31.17625769381187],[27.168685069175098,-31.16020758178189],[27.174464358393447,-31.149852670794804],[27.184229364314113,-31.154167217039422],[27.217908670448644,-31.146055870099538],[27.201567231969165,-31.099286188807866],[27.189410796027115,-31.103255571352914],[27.172471500042292,-31.082545749378745],[27.164300780802556,-31.087723204872287],[27.12982433132756,-31.06218109110414],[27.15872077741932,-31.05199876196684],[27.141183623929145,-31.001950025529258],[27.168286497504866,-30.985209586100133],[27.17486293006368,-30.950865797992968],[27.171275785031597,-30.94775932469684],[27.16609435331859,-30.958804563083067],[27.161510779110934,-30.948794815795548],[27.147959342323077,-30.950348052443612],[27.14776005648796,-30.938612486658247],[27.13958933724822,-30.928775321220517],[27.149752914839116,-30.916349428036014],[27.13102004633825,-30.905304189649787],[27.148955771498656,-30.85214897991608],[27.170877213361365,-30.834373049388248],[27.179845075941568,-30.80261798902785],[27.11906289623132,-30.782771076302602],[27.139987908918453,-30.749117615594574],[27.137596478897066,-30.73582881316115],[27.115675037034354,-30.73082393951739],[27.116272894539698,-30.708560880895156],[27.104714316103,-30.687851058920984],[27.12942575965733,-30.665760582148533],[27.127233615471056,-30.660755708504773],[27.110294319486233,-30.662308945152837],[27.11487789369389,-30.645395923873927],[27.111091462826693,-30.636594249534905],[27.1073050319595,-30.63158937589115],[27.079604300878437,-30.63124421219158],[27.05967571736688,-30.614503772762454],[27.04731999558971,-30.619681228256],[27.035761417153008,-30.607945662470634],[27.042736421382052,-30.6038036980758],[27.0343664163072,-30.59983431553075],[27.042736421382052,-30.58637293124754],[27.040145705525553,-30.579469657256148],[27.027192126243037,-30.578951911706795],[27.018423549497953,-30.562038890427885],[26.998096394316164,-30.54875008799446],[27.0036763976994,-30.538395177007374],[27.08518430426167,-30.528040266020287],[27.088572163458636,-30.543400050651133],[27.105312173608343,-30.55841467158241],[27.137995050567298,-30.532182230415124],[27.127233615471056,-30.515269209136214],[27.13241504718406,-30.50922884439375],[27.169681498350673,-30.512335317689875],[27.18841436685154,-30.52372571977567],[27.205951520341706,-30.507330444046115],[27.21272723873564,-30.486965785771513],[27.221495815480722,-30.51043691734224],[27.228271533874654,-30.51060949919203],[27.232655822247196,-30.486620622071946],[27.239431540641124,-30.48058025732948],[27.244812258189246,-30.48075283917926],[27.252982977428985,-30.503188479651282],[27.284470139377245,-30.503361061501067],[27.297423718659758,-30.51216273584009],[27.298021576165105,-30.495249714561183],[27.32831302310267,-30.481788330277972],[27.29682586115441,-30.462459163102075],[27.29363728779256,-30.456763962059178],[27.300612292021604,-30.443647741475537],[27.31316729963389,-30.441404177428335],[27.33648374234241,-30.450378433617143],[27.367970904290672,-30.438125122282425],[27.36079661422651,-30.425181483548567],[27.340668744879835,-30.43104926644125],[27.325323735575935,-30.424318574299644],[27.323729448895012,-30.41776046400782],[27.3324980256401,-30.41517173626105],[27.338875172363796,-30.398258714982145],[27.37693876687087,-30.408786207819013],[27.40404164044659,-30.390837695441398],[27.396668064547313,-30.360981035428633],[27.383913771099916,-30.358047143982294],[27.373949479344137,-30.375132747110985],[27.362988758412783,-30.354250343287028],[27.366376617609745,-30.3387179768064],[27.34903874995469,-30.332505030214147],[27.36259018674255,-30.323703355875125],[27.377337338541103,-30.32715499287082]]]}},{"type":"Feature","id":"EC145","properties":{"MuniCode":"EC145","SourceUnits":"EC143,EC144"},"geometry":{"type":"Polygon","coordinates":[[[27.013839975290296,-30.606392425822573],[27.042736421382052,-30.6038036980758],[27.035761417153008,-30.607945662470634],[27.04731999558971,-30.619681228256],[27.05967571736688,-30.614503772762454],[27.079604300878437,-30.63124421219158],[27.1073050319595,-30.63158937589115],[27.111091462826693,-30.636594249534905],[27.11487789369389,-30.645395923873927],[27.110294319486233,-30.662308945152837],[27.127233615471056,-30.660755708504773],[27.12942575965733,-30.665760582148533],[27.104714316103,-30.687851058920984],[27.116272894539698,-30.708560880895156],[27.115675037034354,-30.73082393951739],[27.137596478897066,-30.73582881316115],[27.139987908918453,-30.749117615594574],[27.11906289623132,-30.782771076302602],[27.179845075941568,-30.80261798902785],[27.170877213361365,-30.834373049388248],[27.148955771498656,-30.85214897991608],[27.13102004633825,-30.905304189649787],[27.149752914839116,-30.916349428036014],[27.13958933724822,-30.928775321220517],[27.14776005648796,-30.938612486658247],[27.147959342323077,-30.950348052443612],[27.161510779110934,-30.948794815795548],[27.16609435331859,-30.958804563083067],[27.171275785031597,-30.94775932469684],[27.17486293006368,-30.950865797992968],[27.168286497504866,-30.985209586100133],[27.141183623929145,-31.001950025529258],[27.15872077741932,-31.05199876196684],[27.12982433132756,-31.06218109110414],[27.164300780802556,-31.087723204872287],[27.172471500042292,-31.082545749378745],[27.189410796027115,-31.103255571352914],[27.201567231969165,-31.099286188807866],[27.217908670448644,-31.146055870099538],[27.184229364314113,-31.154167217039422],[27.174464358393447,-31.149852670794804],[27.168685069175098,-31.16020758178189],[27.170478641691137,-31.17625769381187],[27.1648986383079,-31.18264322225391],[27.17346792921787,-31.216641846661506],[27.167489354164402,-31.218022501459785],[27.165097924143016,-31.2597873091077],[27.195389371080584,-31.283431022528212],[27.242221542332743,-31.259959890957482],[27.255573693285484,-31.266518001249306],[27.27251298927031,-31.264447019051886],[27.296626575319294,-31.291542369468097],[27.29682586115441,-31.340037869257614],[27.275900848467273,-31.339692705558047],[27.17526150173391,-31.367823547072962],[27.130820760503138,-31.42667395784957],[27.11667146620993,-31.420978756806672],[27.09973217022511,-31.39388340639046],[27.086579305107477,-31.397507625235942],[27.063462148234073,-31.372655838866937],[27.0676471507715,-31.361438018630928],[27.047519281424826,-31.344524997352018],[27.017227834487258,-31.361092854931357],[26.977769239134375,-31.34090077850654],[26.961228514819783,-31.361092854931357],[26.934723498749413,-31.344007251802665],[26.882311324114017,-31.378005876210263],[26.884503468300288,-31.39819795263508],[26.855806308043647,-31.412177082467647],[26.846838445463444,-31.435820795888162],[26.80518770592429,-31.433059486291604],[26.743209811203347,-31.417181956111406],[26.730256231920833,-31.44617570687525],[26.699167641642802,-31.45169832606836],[26.679836915636592,-31.438582105484716],[26.633403316054665,-31.45532254491384],[26.629616885187467,-31.405618972175827],[26.612677589202647,-31.3719655114678],[26.663694762992233,-31.37248325701715],[26.671267624726624,-31.35349925354083],[26.666684050518967,-31.32139902948086],[26.70873336172835,-31.277045494086174],[26.703950501685576,-31.212154718567103],[26.689203349887023,-31.1917900602925],[26.628819741847007,-31.22941290354558],[26.577204710552074,-31.21974831995763],[26.55807327038098,-31.238559741584172],[26.528778252618988,-31.226306430249455],[26.531966825980838,-31.207840172322484],[26.427142476710046,-31.223027375103545],[26.41259461074661,-31.20663209937399],[26.426345333369582,-31.184714204451325],[26.37931387628231,-31.188338423296806],[26.37094387120745,-31.183678713352617],[26.35858814943029,-31.19644977023669],[26.3561967194089,-31.208185336022055],[26.362175294462368,-31.215778937412583],[26.358189577760058,-31.222337047704404],[26.347826714334047,-31.21646926481172],[26.336068850062226,-31.249432398120614],[26.297407398049806,-31.233209704240846],[26.298802398895617,-31.21681442851129],[26.237023790009786,-31.22423544805204],[26.203344483875256,-31.27721807593596],[26.161494458500986,-31.26634541939952],[26.134590870760384,-31.25150338031803],[26.121836577312987,-31.293613351665513],[26.033154380686554,-31.332099104167515],[26.014222226350576,-31.32674906682419],[25.999275788716908,-31.334860413764073],[26.005453649605492,-31.381975258755315],[26.001467932903182,-31.4104512639698],[25.98791649611532,-31.42356748455344],[25.991304355312288,-31.43547563218859],[25.96599505425261,-31.47672269428715],[25.92314859970276,-31.46757585624856],[25.920557883846257,-31.472235566192747],[25.85658713077416,-31.45359672641599],[25.82310711047474,-31.46585003775071],[25.769299934993537,-31.44410472467783],[25.73322919883762,-31.455149963064056],[25.723464192916957,-31.47309847544167],[25.7061263252619,-31.475169457639087],[25.691578459298462,-31.458083854510395],[25.665671300733436,-31.461017745956738],[25.65251843561581,-31.449109598321588],[25.647934861408153,-31.465504874051142],[25.632390566269137,-31.474306548390164],[25.6331877096096,-31.47965658573349],[25.617045556965238,-31.473961384690593],[25.589344825884176,-31.485351786776388],[25.581971249984896,-31.440825669531918],[25.59173625590556,-31.418907774609252],[25.582967679160475,-31.34487016105159],[25.56443409649473,-31.358504127184585],[25.51202192185933,-31.346078234000082],[25.46339617809113,-31.351946016892764],[25.44366688041469,-31.334342668214717],[25.47435689902249,-31.313287682540977],[25.497274770060777,-31.320363538382153],[25.515409781056295,-31.316739319536673],[25.55745909226568,-31.2779084033351],[25.5205912127693,-31.268243819747152],[25.49408619669893,-31.243046869678576],[25.497274770060777,-31.234590359039125],[25.479339044900378,-31.237179086785893],[25.464591893101826,-31.256508253961787],[25.448449740457463,-31.25616309026222],[25.432506873648215,-31.236143595687185],[25.43728973369099,-31.22975806724515],[25.398827567513685,-31.211119227468394],[25.386272559901403,-31.21784991961],[25.377902554826548,-31.198865916133677],[25.384478987385364,-31.150888161893512],[25.39185256328464,-31.13846226870901],[25.398229710008337,-31.130696085468692],[25.415567577663396,-31.134320304314173],[25.446456882106308,-31.10014909805679],[25.454229029675815,-31.07926669423283],[25.438884020371916,-31.061490763705002],[25.463794749761362,-31.054760071563397],[25.48671262079965,-31.036984141035564],[25.50165905843332,-31.00747264472237],[25.484919048283615,-31.006264571773876],[25.474954756527836,-30.983828931301858],[25.511025492683753,-30.95569808978694],[25.504648345960057,-30.93291728561535],[25.517601925242566,-30.903405789302155],[25.471367611495754,-30.86992491044391],[25.48511833411873,-30.849732834019093],[25.521587641944876,-30.833164976439754],[25.549288373025945,-30.79105500509227],[25.52477621530673,-30.7964050424356],[25.50504691763029,-30.78363398555153],[25.486513334964535,-30.78449689480045],[25.48013618824084,-30.77897427560734],[25.476349757373644,-30.728235211770617],[25.46239974891555,-30.72219484702815],[25.46658475145298,-30.709768953843646],[25.460207604729284,-30.68336393082658],[25.4719654690011,-30.67283643798971],[25.45841403221324,-30.657476653358863],[25.456421173862086,-30.636939413234476],[25.467182608958325,-30.624168356350403],[25.46738189479344,-30.630726466642223],[25.476748329043872,-30.634695849187274],[25.529957647019735,-30.612950536114393],[25.56602838317565,-30.614848936462025],[25.59671840178345,-30.59034231379259],[25.624817704534745,-30.624340938200188],[25.610469124406425,-30.647294324221562],[25.6152519844492,-30.656786325959725],[25.64175700051957,-30.65764923520865],[25.67683130749991,-30.64039105023017],[25.685201312574765,-30.64660399682242],[25.679422023356413,-30.665760582148533],[25.69317274597939,-30.67611549313562],[25.76411850328053,-30.68854138632012],[25.775278510047002,-30.683536512676362],[25.782054228440934,-30.646258833122854],[25.791420662691365,-30.63814748618297],[25.847220696523728,-30.633315194388995],[25.859377132465774,-30.61364086351353],[25.892259295259848,-30.608290826170204],[25.89026643690869,-30.59327620523893],[25.871732854242943,-30.56221147227767],[25.884885719360568,-30.544262959900056],[25.902622158685855,-30.542882305101777],[25.922152170527184,-30.562038890427885],[25.92633717306461,-30.58395678535055],[25.934707178139462,-30.584647112749693],[25.950251473278477,-30.55064848834209],[25.981140777721393,-30.53753226775845],[26.097922277099116,-30.516477282084708],[26.117651574775557,-30.534943540011678],[26.139373730803158,-30.54081132290436],[26.149537308394052,-30.535116121861464],[26.149338022558936,-30.519928919080403],[26.130007296552726,-30.500082006355157],[26.14913873672382,-30.484031894325174],[26.16249088767656,-30.483514148775818],[26.19417733545994,-30.503706225200638],[26.197365908821787,-30.531491903015983],[26.259742375212966,-30.540638741054575],[26.266119521936663,-30.567906673320568],[26.2806673879001,-30.57843416615744],[26.280468102064983,-30.589824568243234],[26.29421882468796,-30.591032641191727],[26.313748836529285,-30.582576130552276],[26.356794576914247,-30.594829441886993],[26.372338872053263,-30.581540639453564],[26.392068169729704,-30.580505148354856],[26.405021749012217,-30.569977655517988],[26.42514961835889,-30.565317945573796],[26.446871774386487,-30.568769582569495],[26.49031608644168,-30.596037514835487],[26.481547509696597,-30.61864573715729],[26.485134654728675,-30.630381302942656],[26.50486395240512,-30.6321071214405],[26.557873984545864,-30.664034763650683],[26.631011886033278,-30.662999272551975],[26.6363926035814,-30.673526765388846],[26.624834025144693,-30.68319134897679],[26.62941759935235,-30.693891423663448],[26.65074118370972,-30.69147527776646],[26.677246199780093,-30.668004146195734],[26.684221204009134,-30.684744585624856],[26.699566213313034,-30.687851058920984],[26.725672657713176,-30.66645090954767],[26.752775531288894,-30.665588000298747],[26.775095544821838,-30.649020142719408],[26.80518770592429,-30.639355559131463],[26.81415556850449,-30.642634614277373],[26.84285272876113,-30.680775203079808],[26.86357845561315,-30.684054258225718],[26.87354274736893,-30.680775203079808],[26.878724179081935,-30.65954763555628],[26.903435622636266,-30.668867055444657],[26.949072078877734,-30.658339562607786],[26.929741352871524,-30.622787701552124],[26.94787636386704,-30.607600498771067],[27.002879254358938,-30.594656860037208],[27.013839975290296,-30.606392425822573]]]}},{"type":"Feature","id":"EC153","properties":{"MuniCode":"EC153","SourceUnits":"EC153"},"geometry":{"type":"Polygon","coordinates":[[[29.2711506296444,-31.39526406118874],[29.241257754377063,-31.41010610027023],[29.22870274676478,-31.39664471598702],[29.239862753531256,-31.376452639562203],[29.204190589045567,-31.371102602218873],[29.21116559327461,-31.364717073776838],[29.230097747610593,-31.364717073776838],[29.231891320126632,-31.352291180592335],[29.201201301518832,-31.348321798047284],[29.195820583970715,-31.33693139596149],[29.227706317589202,-31.317084483236243],[29.226311316743395,-31.298273061609702],[29.235079893488482,-31.286364913974552],[29.221927028370853,-31.28084229478144],[29.237471323509865,-31.263238946103392],[29.238866324355676,-31.24977756182018],[29.252019189473305,-31.23079355834386],[29.242453469387755,-31.211982136717317],[29.243449898563334,-31.19834817058432],[29.253812761989344,-31.194033624339703],[29.265969197931394,-31.216641846661506],[29.28330706558645,-31.215778937412583],[29.27932134888414,-31.200246570931956],[29.284502780597144,-31.185059368150895],[29.300644933241504,-31.185577113700248],[29.312801369183553,-31.178501257859075],[29.322167803433985,-31.15986241808232],[29.330139236838612,-31.15848176328404],[29.341299243605082,-31.167283437623063],[29.374181406399153,-31.14657361564889],[29.353854251217363,-31.135183213563096],[29.353256393712016,-31.12586379367472],[29.36880068885103,-31.127934775872138],[29.385142127330507,-31.119305683382898],[29.379163552277042,-31.1113669182928],[29.3927149890649,-31.111539500142584],[29.408857141709262,-31.09048451446884],[29.41523428843296,-31.091520005567553],[29.412643572576457,-31.10083942545593],[29.420415720145964,-31.095661969962386],[29.434565014439173,-31.105844299099687],[29.436557872790324,-31.079094112383046],[29.409056427544378,-31.076505384636278],[29.405668568347412,-31.08565222267487],[29.399689993293947,-31.08168284012982],[29.432970727758246,-31.049927779769423],[29.4234050076727,-31.039055123232984],[29.42739072437501,-31.0207614471558],[29.415035002597843,-31.019725956057087],[29.406465711687872,-31.00229518922883],[29.414636430927615,-30.99953387963227],[29.413640001752036,-30.990387041593678],[29.43317001359336,-30.981585367254656],[29.43675715862544,-30.96760623742209],[29.45449359795073,-30.965362673374887],[29.459874315498848,-30.95776907198436],[29.462863603025582,-30.94620608804878],[29.454692883785842,-30.930155976018796],[29.46784574890347,-30.91376070028924],[29.478009326494366,-30.91945590133214],[29.482393614866908,-30.914968773237735],[29.48319075820737,-30.9267043390231],[29.489567904931068,-30.929465648619654],[29.494550050808957,-30.920491392430847],[29.508101487596818,-30.93136404896729],[29.52085578104421,-30.92963823046944],[29.524442926076294,-30.937749577409324],[29.53181650197557,-30.933089867465135],[29.5385922203695,-30.943272196602436],[29.554136515508514,-30.946551251748346],[29.55752437470548,-30.955870671636724],[29.60973726350576,-30.983138603902717],[29.60754511931949,-30.989869296044326],[29.575260814030763,-30.99487416968808],[29.585623677456773,-31.018172719409026],[29.591801538345358,-31.01834530125881],[29.584228676610966,-31.038019632134272],[29.61910369775619,-31.04578581537459],[29.62408584363408,-31.061318181855217],[29.6780923049504,-31.06028269075651],[29.69164374173826,-31.087723204872287],[29.699415889307765,-31.08392640417702],[29.70021303264823,-31.07598763908692],[29.72592090537814,-31.086860295623364],[29.74066805717669,-31.105844299099687],[29.73488876795834,-31.113092736790648],[29.738276627155305,-31.12707186662321],[29.742461629692734,-31.12327506592795],[29.74565020305458,-31.1294880125202],[29.765180214895906,-31.13345739506525],[29.7689666457631,-31.12845252142149],[29.761593069863828,-31.119305683382898],[29.78132236754027,-31.1294880125202],[29.78251808255096,-31.12051375633139],[29.793080231812088,-31.122757320378593],[29.79427594682278,-31.116544373786343],[29.800055236041132,-31.118097610434404],[29.797265234349517,-31.130350921769125],[29.802247380227406,-31.130005758069554],[29.80463881024879,-31.1431219786532],[29.813805958664105,-31.13242190396654],[29.817990961201534,-31.13673645021116],[29.825563822935926,-31.130005758069554],[29.83214025549474,-31.13535579541288],[29.84429669143679,-31.131731576567404],[29.845093834777252,-31.142949396803413],[29.83712240137263,-31.14829943414674],[29.863627417443,-31.149334925245448],[29.867812419980428,-31.164694709876294],[29.886744574316406,-31.162623727678877],[29.89192600602941,-31.17401412976467],[29.905477442817272,-31.17988191265735],[29.910858160365393,-31.169872165369835],[29.915242448737935,-31.17108023831833],[29.9122531612112,-31.17798351230972],[29.931982458887642,-31.177810930459934],[29.935968175589956,-31.18592227739982],[29.952110328234316,-31.18661260479896],[29.948921754872465,-31.197312679485613],[29.965661765022176,-31.211464391167965],[29.994558211113933,-31.218885410708708],[30.011896078768988,-31.233554867940413],[30.020664655514075,-31.23165646759278],[30.047568243254673,-31.24753399777298],[30.043981098222595,-31.259269563558345],[30.010700363758296,-31.287918150622616],[30.007910362066674,-31.298100479759917],[29.966060336692408,-31.320536120231935],[29.96805319504356,-31.328302303472253],[29.957889617452665,-31.345042742901374],[29.905278156982156,-31.381630095055744],[29.90727101533331,-31.390776933094337],[29.874588138374357,-31.40717220882389],[29.85864527156511,-31.42960784929591],[29.833734542175662,-31.44341439727869],[29.783315225891425,-31.443586979128476],[29.738276627155305,-31.464469382952434],[29.73429091045299,-31.479138840184138],[29.721138045335366,-31.482417895330048],[29.72093875950025,-31.496397025162615],[29.691045884232913,-31.52815208552301],[29.689451597551987,-31.521076229681835],[29.670718729051124,-31.507269681699054],[29.659359436449538,-31.506234190600345],[29.6537794330663,-31.496742188862182],[29.64620657133191,-31.500711571407233],[29.640626567948672,-31.492082478917993],[29.64560871382656,-31.486732441574667],[29.62906798951197,-31.48759535082359],[29.625680130315004,-31.476550112437366],[29.614918695218762,-31.47827593093521],[29.61591512439434,-31.464814546652],[29.608541548495065,-31.46464196480222],[29.607146547649258,-31.471372656943824],[29.591602252510242,-31.46809360179791],[29.592399395850705,-31.45894676375932],[29.59937440007975,-31.458429018209966],[29.598776542574402,-31.44151599693106],[29.59120368084001,-31.438064359935364],[29.58323224743539,-31.44410472467783],[29.581040103249116,-31.432541740742252],[29.57147438316357,-31.437546614386008],[29.569880096482645,-31.430643340394617],[29.53719721952369,-31.42494813935172],[29.528627928613723,-31.386807550549285],[29.5104929176182,-31.399060861884006],[29.50750363009147,-31.39595438858788],[29.51467792015563,-31.3923301697424],[29.51746792184725,-31.38042202210725],[29.505710057575428,-31.36299125527899],[29.51846435102283,-31.36696063782404],[29.524442926076294,-31.36299125527899],[29.505112200070084,-31.3583315453348],[29.508699345102166,-31.34090077850654],[29.49714076666546,-31.33330717711601],[29.476215753978323,-31.337621723360627],[29.447319307886566,-31.331581358618163],[29.44114144699798,-31.31242477329205],[29.458678600488156,-31.303277935253462],[29.447917165391914,-31.294476260914436],[29.419220005135273,-31.30293277155389],[29.413640001752036,-31.314840919189038],[29.387932129022126,-31.32933779457096],[29.3684021171808,-31.31242477329205],[29.37139140470753,-31.298273061609702],[29.358836397095253,-31.294821424614007],[29.315989942545404,-31.331408776768377],[29.301641362417083,-31.33658623226192],[29.291079213155957,-31.36920420187124],[29.26437491125047,-31.38801562349778],[29.2711506296444,-31.39526406118874]]]}},{"type":"Feature","id":"EC154","properties":{"MuniCode":"EC154","SourceUnits":"EC154"},"geometry":{"type":"Polygon","coordinates":[[[29.2711506296444,-31.39526406118874],[29.26437491125047,-31.38801562349778],[29.291079213155957,-31.36920420187124],[29.301641362417083,-31.33658623226192],[29.315989942545404,-31.331408776768377],[29.358836397095253,-31.294821424614007],[29.37139140470753,-31.298273061609702],[29.3684021171808,-31.31242477329205],[29.387932129022126,-31.32933779457096],[29.413640001752036,-31.314840919189038],[29.419220005135273,-31.30293277155389],[29.447917165391914,-31.294476260914436],[29.458678600488156,-31.303277935253462],[29.44114144699798,-31.31242477329205],[29.447319307886566,-31.331581358618163],[29.476215753978323,-31.337621723360627],[29.49714076666546,-31.33330717711601],[29.508699345102166,-31.34090077850654],[29.505112200070084,-31.3583315453348],[29.524442926076294,-31.36299125527899],[29.505710057575428,-31.36299125527899],[29.51746792184725,-31.38042202210725],[29.51467792015563,-31.3923301697424],[29.50750363009147,-31.39595438858788],[29.5104929176182,-31.399060861884006],[29.528627928613723,-31.386807550549285],[29.53719721952369,-31.42494813935172],[29.569880096482645,-31.430643340394617],[29.57147438316357,-31.437546614386008],[29.581040103249116,-31.432541740742252],[29.58323224743539,-31.44410472467783],[29.59120368084001,-31.438064359935364],[29.598776542574402,-31.44151599693106],[29.59937440007975,-31.458429018209966],[29.592399395850705,-31.45894676375932],[29.591602252510242,-31.46809360179791],[29.607146547649258,-31.471372656943824],[29.608541548495065,-31.46464196480222],[29.61591512439434,-31.464814546652],[29.614918695218762,-31.47827593093521],[29.625680130315004,-31.476550112437366],[29.62906798951197,-31.48759535082359],[29.64560871382656,-31.486732441574667],[29.640626567948672,-31.492082478917993],[29.64620657133191,-31.500711571407233],[29.6537794330663,-31.496742188862182],[29.659359436449538,-31.506234190600345],[29.670718729051124,-31.507269681699054],[29.689451597551987,-31.521076229681835],[29.691045884232913,-31.52815208552301],[29.670320157380893,-31.549207071196754],[29.633850849554744,-31.5668104198748],[29.623886557798965,-31.585967005200906],[29.549154369630624,-31.628076976548392],[29.55353865800317,-31.634980250539783],[29.544770081258083,-31.64257385193031],[29.50610862924566,-31.655690072513956],[29.488770761590608,-31.67191276639372],[29.459276457993504,-31.67622731263834],[29.422209292662004,-31.69175967911897],[29.40347642416114,-31.719027611384963],[29.402679280820678,-31.734214814166023],[29.35664425290898,-31.758548854985676],[29.355448537898287,-31.787024860200162],[29.344687102802048,-31.79530878898983],[29.34628138948297,-31.804973372577777],[29.320972088423293,-31.80721693662498],[29.296858502374306,-31.79496362529026],[29.295463501528502,-31.786507114650806],[29.27154920131463,-31.78443613245339],[29.269157771293244,-31.770457002620823],[29.263777053745123,-31.779603840659416],[29.25620419201073,-31.777532858462],[29.257798478691655,-31.767177947474913],[29.249229187781687,-31.75078267174536],[29.25680204951608,-31.722134084681088],[29.247834186935876,-31.709017864097447],[29.246638471925184,-31.68658222362543],[29.274139917171134,-31.65344650846675],[29.271748487149747,-31.646025488926007],[29.278125633873444,-31.63860446938526],[29.271947772984863,-31.634980250539783],[29.277129204697864,-31.627904394698607],[29.259791337042813,-31.583723441153705],[29.273542059665786,-31.57267820276748],[29.294865644023155,-31.53747150541139],[29.286694924783415,-31.527116594424303],[29.296260644868962,-31.512101973493028],[29.2864956389483,-31.482417895330048],[29.295662787363614,-31.471890402493177],[29.286694924783415,-31.452561235317283],[29.28968421231015,-31.44168857878084],[29.27154920131463,-31.440307923982566],[29.263777053745123,-31.42563846675086],[29.272545630490207,-31.410623845819586],[29.299449218230812,-31.39388340639046],[29.2711506296444,-31.39526406118874]]]}},{"type":"Feature","id":"EC155","properties":{"MuniCode":"EC155","SourceUnits":"EC155"},"geometry":{"type":"Polygon","coordinates":[[[28.754601745024832,-31.48604211417553],[28.770743897669192,-31.476550112437366],[28.785889621137976,-31.484834041227035],[28.810601064692307,-31.482417895330048],[28.81737678308624,-31.48794051452316],[28.8578318076147,-31.48034691313263],[28.852650375901696,-31.448246689072665],[28.8450775141673,-31.444622470227184],[28.857233950109354,-31.441861160630626],[28.86241538182236,-31.420978756806672],[28.849461802539846,-31.39819795263508],[28.87397396025906,-31.37524456661371],[28.880948964488105,-31.3402104511074],[28.872379673578138,-31.331408776768377],[28.89071397040877,-31.315013501038823],[28.925987563224226,-31.317257065086025],[28.98019331037566,-31.286019750274985],[28.99613617718491,-31.28446651362692],[29.001317608897914,-31.2858471684252],[28.990356887966556,-31.300171461957333],[29.026626909957592,-31.294476260914436],[29.008491898962074,-31.310181209244853],[29.037587630888947,-31.314840919189038],[29.042968348437068,-31.32208935688],[29.07086836535325,-31.322607102429355],[29.073259795374632,-31.313460264390763],[29.082227657954835,-31.313115100691192],[29.082227657954835,-31.3062118266998],[29.093985522226653,-31.298618225309273],[29.100362668950353,-31.30068920750669],[29.095181237237348,-31.308455390747003],[29.1035512423122,-31.31915546543366],[29.104746957322895,-31.304486008201955],[29.125871255845148,-31.299998880107548],[29.126668399185608,-31.32174419318043],[29.15098127106971,-31.32070870208172],[29.164532707857568,-31.309836045545282],[29.160546991155258,-31.30068920750669],[29.167322709549186,-31.295166588313577],[29.19362843978444,-31.28878105987154],[29.173899142108,-31.272730947841556],[29.19063915225771,-31.27462934818919],[29.204788446550914,-31.295856915712715],[29.226311316743395,-31.298273061609702],[29.224119172557124,-31.322261938729785],[29.195820583970715,-31.33693139596149],[29.201201301518832,-31.348321798047284],[29.228503460929666,-31.349184707296207],[29.233485606807555,-31.358158963485018],[29.230097747610593,-31.364717073776838],[29.21116559327461,-31.364717073776838],[29.204190589045567,-31.371102602218873],[29.2071798765723,-31.374726821064353],[29.239862753531256,-31.376452639562203],[29.22870274676478,-31.39664471598702],[29.241257754377063,-31.41010610027023],[29.261584909558852,-31.397162461536375],[29.299449218230812,-31.39388340639046],[29.272545630490207,-31.410623845819586],[29.263777053745123,-31.42563846675086],[29.27154920131463,-31.440307923982566],[29.28968421231015,-31.44168857878084],[29.286694924783415,-31.452561235317283],[29.295662787363614,-31.471890402493177],[29.2864956389483,-31.482417895330048],[29.296260644868962,-31.512101973493028],[29.286694924783415,-31.527116594424303],[29.294865644023155,-31.53747150541139],[29.290481355650613,-31.547481252698905],[29.259791337042813,-31.583723441153705],[29.277129204697864,-31.627904394698607],[29.271947772984863,-31.634980250539783],[29.278125633873444,-31.63860446938526],[29.271748487149747,-31.646025488926007],[29.274139917171134,-31.65344650846675],[29.246638471925184,-31.68658222362543],[29.247834186935876,-31.709017864097447],[29.25680204951608,-31.722134084681088],[29.249229187781687,-31.75078267174536],[29.257798478691655,-31.767177947474913],[29.25620419201073,-31.777532858462],[29.263777053745123,-31.779603840659416],[29.269157771293244,-31.770457002620823],[29.27154920131463,-31.78443613245339],[29.295463501528502,-31.786507114650806],[29.305627079119393,-31.801866899281652],[29.327947092652337,-31.807734682174335],[29.262581338734428,-31.863823783354384],[29.261784195393968,-31.881254550182643],[29.24185561188241,-31.89523368001521],[29.241656326047295,-31.904207936204017],[29.214553452471577,-31.931130704770442],[29.212361308285303,-31.94510983460301],[29.186254863885168,-31.949596962697413],[29.17031199707592,-31.92560808557733],[29.157756989463635,-31.919740302684648],[29.151180556904826,-31.93906946986054],[29.135835547600927,-31.934927505465705],[29.137629120116966,-31.92163870303228],[29.126070541680264,-31.903690190654665],[29.12088910996726,-31.919395138985077],[29.116903393264945,-31.917841902337013],[29.113316248232863,-31.90179179030703],[29.103351956477084,-31.89126429747016],[29.112319819057287,-31.884188441628986],[29.10235552730151,-31.876594840238454],[29.08422051630599,-31.904207936204017],[29.068277649496746,-31.892817534118223],[29.07525265372579,-31.87901098613544],[29.08740908966784,-31.881081968332857],[29.080633371273912,-31.86744800219986],[29.073658367044864,-31.872280293993835],[29.04456263511799,-31.871072221045342],[29.039381203404986,-31.885741678277046],[29.025032623276665,-31.86451411075352],[29.00052046555745,-31.87538676728996],[28.99653474885514,-31.864686692603307],[29.006698326446035,-31.860026982659118],[29.017061189872045,-31.84311396138021],[29.013474044839963,-31.838109087736452],[28.9921504604826,-31.852260799418804],[28.98298331206728,-31.849154326122676],[28.98298331206728,-31.838109087736452],[28.99653474885514,-31.829825158946782],[28.988961887120745,-31.82102348460776],[28.962058299380146,-31.821196066457546],[28.94950329176786,-31.83517519629011],[28.9397382858472,-31.829997740796568],[28.938741856671623,-31.81705410206271],[28.92778113574027,-31.81912508426013],[28.930571137431883,-31.80480079072799],[28.90924755307452,-31.788578096848223],[28.901674691340126,-31.78961358794693],[28.899881118824084,-31.797552353037034],[28.91482755645775,-31.80618144552627],[28.912037554766137,-31.81705410206271],[28.887326111211806,-31.816191192813786],[28.895895402121774,-31.791511988294566],[28.884536109520184,-31.791511988294566],[28.896692545462237,-31.779258676959845],[28.89151111374923,-31.766487620075775],[28.90287040635082,-31.767695693024265],[28.920606845676105,-31.75665045463804],[28.9128346981066,-31.752163326543638],[28.90147540550501,-31.760274673483522],[28.88672825370646,-31.753889145041487],[28.90924755307452,-31.74508747070246],[28.885333252860647,-31.72903735867248],[28.901276119669895,-31.725585721676783],[28.906656837218016,-31.707292045599598],[28.898087546308048,-31.704875899702614],[28.89011611290342,-31.71315982849228],[28.875568246939984,-31.706429136350675],[28.87676396195068,-31.69900811680993],[28.89390254377062,-31.69607422536359],[28.879354677807182,-31.678643458535326],[28.858429665120045,-31.679678949634038],[28.854045376747504,-31.694520988715524],[28.824351787315283,-31.695729061664018],[28.811796779703002,-31.69037902432069],[28.81139820803277,-31.685719314376502],[28.8207646422832,-31.68658222362543],[28.820166784777854,-31.672775675642647],[28.84348322748638,-31.66069494615771],[28.827341074842018,-31.654481999565462],[28.834913936576406,-31.645162579677084],[28.820166784777854,-31.64033028788311],[28.818572498096934,-31.63204635909344],[28.834913936576406,-31.63308185019215],[28.837903224103144,-31.626178576200758],[28.833718221565714,-31.60598649977594],[28.823554643974823,-31.61168170081884],[28.81638035391066,-31.59683966173735],[28.816978211416007,-31.56215070993061],[28.79924177209072,-31.55749099998642],[28.788679622829598,-31.544547361252565],[28.79306391120214,-31.5328117954672],[28.802231059617455,-31.529705322171075],[28.800238201266296,-31.52401012112818],[28.813191780548813,-31.520731065982265],[28.812992494713697,-31.507614845398624],[28.78987533784029,-31.503645462853573],[28.80840892050604,-31.496914770711967],[28.802828917122802,-31.487077605274237],[28.78309961944636,-31.498985752909384],[28.7848931919624,-31.50416320840293],[28.775925329382197,-31.498985752909384],[28.76914961098827,-31.50243738990508],[28.754601745024832,-31.48604211417553]]]}},{"type":"Feature","id":"EC156","properties":{"MuniCode":"EC156","SourceUnits":"EC156"},"geometry":{"type":"Polygon","coordinates":[[[28.687043846920652,-30.83730694083459],[28.691826706963425,-30.829713339444062],[28.728296014789578,-30.842656978177917],[28.72630315643842,-30.85318447101479],[28.735470304853735,-30.854737707662853],[28.740851022401856,-30.86992491044391],[28.747427454960672,-30.862849054602734],[28.757790318386682,-30.865782946049077],[28.758986033397377,-30.889944405018944],[28.770544611834076,-30.88045240328078],[28.791868196191444,-30.882350803628412],[28.80243034545257,-30.893568623864425],[28.792466053696792,-30.894604114963133],[28.791868196191444,-30.904096116701297],[28.812593923043465,-30.913588118439456],[28.81040177885719,-30.920318810581062],[28.8207646422832,-30.92635917532353],[28.80840892050604,-30.953799689439307],[28.82395321564505,-30.9550077623878],[28.833319649895486,-30.963464273027256],[28.827938932347365,-30.94844965209598],[28.836308937422217,-30.941891541804157],[28.86779609937048,-30.952246452791243],[28.867198241865133,-30.968296564821227],[28.85045823171542,-30.96467234597575],[28.848266087529154,-30.969677219619506],[28.861020380976548,-30.990214459743893],[28.86859324271094,-30.98969671419454],[28.87397396025906,-31.00557424437474],[28.870187529391863,-31.012650100215915],[28.887923968717153,-31.03681155918578],[28.872180387743022,-31.033705085889654],[28.876166104445332,-31.047856797572006],[28.861020380976548,-31.041471269129968],[28.851454660891,-31.051826180117054],[28.869390386051403,-31.053206834915333],[28.898685403813392,-31.076332802786492],[28.912037554766137,-31.074952147988213],[28.919610416500525,-31.065287564400265],[28.90825112389894,-31.057693963009736],[28.917418272314258,-31.05424232601404],[28.925588991553994,-31.05372458046469],[28.934357568299077,-31.072018256541874],[28.941332572528125,-31.059419781507586],[28.932763281618158,-31.053206834915333],[28.946314718406015,-31.043369669477602],[28.958869726018296,-31.058556872258663],[28.952094007624368,-31.070982765443166],[28.957873296842717,-31.071673092842303],[28.963054728555722,-31.06218109110414],[28.98258474039705,-31.054069744164256],[28.978997595364966,-31.025075993400417],[29.01447047401554,-31.019898537906872],[29.015666189026234,-31.002640352928395],[29.042968348437068,-31.01040653616871],[29.069074792837206,-31.05268908936598],[29.09418480806177,-31.066668219198544],[29.10315267064197,-31.079957021631973],[29.132248402568845,-31.091520005567553],[29.14241198015974,-31.13898001425836],[29.13424126092,-31.150888161893512],[29.170909854581268,-31.167973765022204],[29.20000558650814,-31.165902782824787],[29.207379162407417,-31.172460893116607],[29.20399130321045,-31.184196458901972],[29.18824772223632,-31.190409405494222],[29.186852721390512,-31.1997288253826],[29.204389874880682,-31.188856168846158],[29.19322986811421,-31.214398282614304],[29.17927985965612,-31.208357917871837],[29.174895571283578,-31.2280322487473],[29.169116282065225,-31.229585485395365],[29.16991342540569,-31.25875181800899],[29.184062719698893,-31.260132472807268],[29.19143629559817,-31.268761565296508],[29.19063915225771,-31.27462934818919],[29.173899142108,-31.272730947841556],[29.17629057212939,-31.27946163998316],[29.19362843978444,-31.28878105987154],[29.167322709549186,-31.295166588313577],[29.155564845277368,-31.31932804728344],[29.133842689249768,-31.32277968427914],[29.123679111658873,-31.316911901386458],[29.125871255845148,-31.299998880107548],[29.104746957322895,-31.304486008201955],[29.1035512423122,-31.31915546543366],[29.095181237237348,-31.308455390747003],[29.100362668950353,-31.30068920750669],[29.093985522226653,-31.298618225309273],[29.082227657954835,-31.3062118266998],[29.082227657954835,-31.313115100691192],[29.073259795374632,-31.313460264390763],[29.07086836535325,-31.322607102429355],[29.042968348437068,-31.32208935688],[29.037587630888947,-31.314840919189038],[29.008491898962074,-31.310181209244853],[29.026626909957592,-31.294476260914436],[28.990356887966556,-31.300171461957333],[29.001317608897914,-31.2858471684252],[28.99613617718491,-31.28446651362692],[28.98019331037566,-31.286019750274985],[28.925987563224226,-31.317257065086025],[28.89071397040877,-31.315013501038823],[28.872379673578138,-31.331408776768377],[28.880948964488105,-31.3402104511074],[28.87397396025906,-31.37524456661371],[28.849461802539846,-31.39819795263508],[28.86241538182236,-31.420978756806672],[28.857233950109354,-31.441861160630626],[28.8450775141673,-31.444622470227184],[28.852650375901696,-31.448246689072665],[28.850657517550538,-31.456185454162764],[28.857034664274238,-31.463433891853725],[28.85862895095516,-31.47810334908543],[28.852251804231464,-31.482590477179833],[28.829931790698517,-31.481554986081125],[28.81737678308624,-31.48794051452316],[28.810601064692307,-31.482417895330048],[28.785889621137976,-31.484834041227035],[28.770743897669192,-31.476550112437366],[28.754601745024832,-31.48604211417553],[28.76137746341876,-31.47171782064339],[28.754801030859948,-31.43979017843321],[28.74423888159882,-31.448937016471803],[28.73905744988582,-31.469301674746404],[28.754402459189716,-31.4546322175147],[28.75101459999275,-31.462053237055446],[28.72670172810865,-31.48604211417553],[28.722915297241457,-31.47827593093521],[28.709363860453596,-31.482072731630478],[28.71095814713452,-31.4749968757893],[28.695613137830623,-31.45497738121427],[28.680068842691608,-31.45169832606836],[28.6786738418458,-31.461362909656305],[28.664125975882364,-31.46222581890523],[28.663528118377016,-31.45031767127008],[28.66930740759537,-31.448764434622017],[28.66133597419074,-31.446003125025463],[28.651172396599847,-31.452561235317283],[28.65475954163193,-31.45963709115846],[28.646788108227305,-31.453941890115562],[28.634830958120375,-31.46188065520566],[28.646190250721958,-31.46654036514985],[28.642802391524995,-31.471372656943824],[28.63164238475852,-31.466367783300065],[28.61290951625766,-31.47482429393952],[28.578831638452897,-31.47482429393952],[28.57464663591547,-31.482417895330048],[28.566276630840616,-31.477585603536074],[28.563486629148997,-31.486905023424452],[28.552725194052755,-31.476895276136936],[28.54355804563744,-31.481209822381555],[28.535387326397704,-31.502609971754865],[28.52721660715796,-31.493808297415843],[28.511871597854064,-31.507614845398624],[28.511871597854064,-31.485869532325744],[28.500512305252478,-31.482245313480263],[28.491943014342507,-31.482590477179833],[28.48995015599135,-31.493980879265628],[28.464640854931673,-31.48983891487079],[28.456270849856818,-31.49812284366046],[28.406050819407696,-31.50312771730422],[28.38233580502894,-31.480519494982417],[28.3984779576733,-31.46757585624856],[28.407246534418388,-31.427709448948278],[28.427175117929945,-31.41873519275947],[28.42876940461087,-31.40354798997841],[28.444114413914768,-31.397852788935513],[28.443915128079652,-31.38646238684972],[28.4624487107454,-31.387497877948427],[28.483971580937883,-31.374209075514997],[28.499117304406667,-31.34849437989707],[28.495131587704357,-31.326403903124618],[28.470420144150026,-31.323642593528064],[28.451886561484276,-31.303450517103244],[28.46603585577748,-31.298790807159058],[28.46523871243702,-31.28049713108187],[28.47420657501722,-31.269797056395216],[28.48556586761881,-31.26634541939952],[28.495131587704357,-31.25115821661846],[28.513665170370103,-31.248569488871688],[28.514063742040335,-31.243737197077717],[28.537978042254203,-31.24598076112492],[28.548141619845097,-31.235453268288047],[28.559102340776455,-31.23925006898331],[28.56069662745738,-31.231483885742996],[28.570860205048273,-31.240803305631374],[28.58221949764986,-31.241148469330945],[28.584212356001018,-31.23234679499192],[28.597763792788875,-31.239422650833095],[28.608724513720233,-31.23769683233525],[28.613706659598122,-31.22941290354558],[28.619485948816475,-31.236833923086326],[28.62725809638598,-31.226824175798807],[28.623073093848554,-31.220956392906125],[28.64658882239219,-31.209048245270978],[28.65515811330216,-31.200419152781738],[28.65336454078612,-31.19472395173884],[28.670702408441176,-31.18454162260154],[28.68046741436184,-31.200591734631523],[28.69202599279854,-31.198003006884754],[28.693420993644352,-31.191617478442716],[28.68226098687788,-31.179191585258213],[28.687243132755768,-31.165730200975002],[28.67767741267022,-31.163314055078015],[28.667115263409094,-31.169527001670268],[28.67548526848395,-31.135010631713314],[28.692424564468773,-31.133629976915035],[28.69800456785201,-31.12879768512106],[28.694616708655044,-31.11999601078204],[28.653563826621237,-31.113783064189786],[28.65475954163193,-31.106879790198395],[28.64300167736011,-31.099976516207004],[28.608126656214885,-31.102565243953777],[28.60832594205,-31.091174841867982],[28.600952366150725,-31.088240950421643],[28.592183789405638,-31.106534626498828],[28.574447350080355,-31.098078115859373],[28.56328734331388,-31.10308298950313],[28.560497341622263,-31.084616731576162],[28.53957232893513,-31.09031193261906],[28.534390897222124,-31.10739753574775],[28.51924517375334,-31.112747573091077],[28.514063742040335,-31.109295936095382],[28.523031604620535,-31.102737825803562],[28.52103874626938,-31.086342550074008],[28.51286802702964,-31.084098986026806],[28.520440888764035,-31.0773682938852],[28.518647316247993,-31.069947274344457],[28.49672587438528,-31.058384290408878],[28.490747299331815,-31.039918032481907],[28.494334444363894,-31.032151849241593],[28.50529516529525,-31.049410034220067],[28.530604466354927,-31.054414907863826],[28.52522374880681,-31.04871970682093],[28.555116624074145,-31.0173098101601],[28.54854019151533,-31.009888790619357],[28.550134478196256,-30.995219333387652],[28.57723735177197,-30.99297576934045],[28.587400929362865,-30.966743328173166],[28.575643065091047,-30.951556125392106],[28.58221949764986,-30.930155976018796],[28.63861738898757,-30.921009137980203],[28.656553114147968,-30.927567248272023],[28.66053883085028,-30.922389792778482],[28.649976681589155,-30.90754775369699],[28.647983823238,-30.880279821430996],[28.672097409286984,-30.867681346396708],[28.69302242197412,-30.867508764546926],[28.687043846920652,-30.83730694083459]]]}},{"type":"Feature","id":"EC157","properties":{"MuniCode":"EC157","SourceUnits":"EC157"},"geometry":{"type":"Polygon","coordinates":[[[29.186254863885168,-31.949596962697413],[29.135835547600927,-31.99584889843973],[29.13025554421769,-32.01914744816067],[29.11132338988171,-32.032608832443884],[29.093387664721305,-32.059359019160524],[29.08621337465715,-32.04745087152537],[29.0676797919914,-32.04883152632365],[29.073459081209748,-32.04296374343097],[29.065686933640244,-32.03519756019065],[29.03718905921872,-32.04054759753399],[29.039381203404986,-32.03398948724216],[29.024634051606434,-32.01500548376584],[29.01546690319112,-32.01535064746541],[28.98118973955124,-31.984458496353934],[28.969232589444303,-31.98791013334963],[28.956079724326678,-31.96512932917804],[28.92578827738911,-31.944592089053653],[28.917418272314258,-31.951840526744615],[28.887326111211806,-31.953738927092246],[28.88114825032322,-31.96616482027675],[28.867596813535364,-31.960297037384066],[28.847867515858923,-31.976519731263835],[28.853646805077272,-31.98186976860716],[28.85045823171542,-31.985666569302428],[28.833718221565714,-31.98652947855135],[28.828337504017597,-31.99481340734102],[28.839497510784067,-31.997402135087793],[28.83929822494895,-32.00223442688176],[28.829732504863404,-31.997574716937578],[28.827540360677133,-32.0051683183281],[28.8245510731504,-32.00016344468435],[28.819369641437394,-32.005858645727244],[28.808807492176268,-31.99947311728521],[28.801832487947223,-32.0143151563667],[28.78887890866471,-32.01034577382165],[28.786288192808207,-32.01396999266713],[28.80143391627699,-32.019492611860244],[28.788281051159366,-32.03519756019065],[28.790074623675405,-32.043481488980326],[28.78210319027078,-32.046070216727095],[28.749619599146943,-32.035542723890224],[28.746231739949977,-32.02173617590744],[28.733477446502583,-32.00896511902337],[28.71016100379406,-32.0051683183281],[28.709961717958944,-31.99809246248693],[28.70099385537874,-31.993605334392527],[28.706374572926862,-31.98652947855135],[28.702787427894783,-31.98135202305781],[28.692225278633657,-31.986184314851783],[28.698801711192473,-31.959261546285358],[28.679470985186263,-31.95632765483902],[28.66293026087167,-31.965819656577178],[28.66293026087167,-31.978763295311037],[28.67767741267022,-31.978418131611466],[28.657748829158663,-31.99343275254274],[28.67827527017557,-31.99809246248693],[28.643798820700574,-32.02432490365422],[28.59895950779957,-32.010863519371],[28.602148081161417,-32.003097336130686],[28.627855953891327,-32.00188926318219],[28.6262616672104,-31.99515857104059],[28.60155022365607,-31.996366643989084],[28.61111594374162,-31.992397261444033],[28.61191308708208,-31.98428591450415],[28.586005928517057,-31.967372893225242],[28.579030924288013,-31.970997112070723],[28.591386646065175,-31.997229553238007],[28.583813784330786,-32.00085377208349],[28.558305197435992,-31.979281040860393],[28.544355188977903,-31.994295661791668],[28.523828747960998,-31.993605334392527],[28.522633032950303,-31.97997136825953],[28.54216304479163,-31.98860046074877],[28.546547333164174,-31.98497624190329],[28.52681803548773,-31.955637327439877],[28.52103874626938,-31.961332528482775],[28.529010179674003,-31.96512932917804],[28.528810893838887,-31.971860021319646],[28.48995015599135,-31.969098711723092],[28.469423714974447,-31.974276167216633],[28.46523871243702,-31.9678906387746],[28.47719586254395,-31.95356634524246],[28.51027731117314,-31.952013108594397],[28.515458742886146,-31.934064596216782],[28.504099450284556,-31.92992263182195],[28.471217287490486,-31.93371943251721],[28.46782942829352,-31.929232304422808],[28.47719586254395,-31.91870481158594],[28.475402290027915,-31.90973055539713],[28.460655138229363,-31.92491775817819],[28.44730298727662,-31.919567720834863],[28.440327983047574,-31.90817731874907],[28.44252012723384,-31.897649825912197],[28.42617868875437,-31.887467496774896],[28.42737440376506,-31.87020931179642],[28.40545296190235,-31.87711258578781],[28.41780868367951,-31.862097964856535],[28.401068673529807,-31.850017235371602],[28.38014366084267,-31.85726567306256],[28.386520807566367,-31.840007488084083],[28.382535090864057,-31.835692941839465],[28.369980083251775,-31.834830032590542],[28.365994366549465,-31.847255925775045],[28.349852213905102,-31.824129957903885],[28.340884351324902,-31.82136864830733],[28.346065783037908,-31.807734682174335],[28.323945055340076,-31.790821660895425],[28.324941484515655,-31.785471623552098],[28.334905776271434,-31.789268424247364],[28.352841501431836,-31.783745805054252],[28.3472614980486,-31.778050604011355],[28.350649357245565,-31.766487620075775],[28.337895063798168,-31.755614963539333],[28.358222218979954,-31.746640707350526],[28.34447149635698,-31.742498742955693],[28.34447149635698,-31.734559977865594],[28.33610149128213,-31.731108340869895],[28.34407292468675,-31.716956629187546],[28.32972434455843,-31.707464627449383],[28.329525058723313,-31.69469357056531],[28.311190761892682,-31.688308042123275],[28.304614329333866,-31.676054730788557],[28.31338290607895,-31.671740184543935],[28.31039361855222,-31.663283673904484],[28.319560766967534,-31.662248182805776],[28.320557196143113,-31.655862654363737],[28.302422185147595,-31.652756181067613],[28.31298433440872,-31.65016745332084],[28.32195219698892,-31.632909268342363],[28.311589333562914,-31.630320540595594],[28.31039361855222,-31.612372028217976],[28.325539342021003,-31.586484750750262],[28.354236502277644,-31.573195948316837],[28.363204364857843,-31.57768307641124],[28.38114009001825,-31.558008745535776],[28.3741650857892,-31.537644087261175],[28.369182939911312,-31.53798925096074],[28.373367942448738,-31.523837539278393],[28.36340365069296,-31.502264808055298],[28.375958658305244,-31.48000174943306],[28.41202939446116,-31.50468095395228],[28.440726554717806,-31.49622444331283],[28.456270849856818,-31.49812284366046],[28.464640854931673,-31.48983891487079],[28.48995015599135,-31.493980879265628],[28.491943014342507,-31.482590477179833],[28.507686595316635,-31.48276305902962],[28.51386445620522,-31.494671206664766],[28.511871597854064,-31.507614845398624],[28.52721660715796,-31.493808297415843],[28.535387326397704,-31.502609971754865],[28.54355804563744,-31.481209822381555],[28.552725194052755,-31.476895276136936],[28.563486629148997,-31.486905023424452],[28.566276630840616,-31.477585603536074],[28.57464663591547,-31.482417895330048],[28.578831638452897,-31.47482429393952],[28.61290951625766,-31.47482429393952],[28.63164238475852,-31.466367783300065],[28.642802391524995,-31.471372656943824],[28.646190250721958,-31.46654036514985],[28.634830958120375,-31.46188065520566],[28.646788108227305,-31.453941890115562],[28.65475954163193,-31.45963709115846],[28.651172396599847,-31.452561235317283],[28.66133597419074,-31.446003125025463],[28.66930740759537,-31.448764434622017],[28.663528118377016,-31.45031767127008],[28.664125975882364,-31.46222581890523],[28.6786738418458,-31.461362909656305],[28.680068842691608,-31.45169832606836],[28.695613137830623,-31.45497738121427],[28.71095814713452,-31.4749968757893],[28.709363860453596,-31.482072731630478],[28.722915297241457,-31.47827593093521],[28.72670172810865,-31.48604211417553],[28.75101459999275,-31.462053237055446],[28.754402459189716,-31.4546322175147],[28.73905744988582,-31.469301674746404],[28.74423888159882,-31.448937016471803],[28.754801030859948,-31.43979017843321],[28.76137746341876,-31.47171782064339],[28.754601745024832,-31.48604211417553],[28.761576749253877,-31.496742188862182],[28.7848931919624,-31.50416320840293],[28.78309961944636,-31.498985752909384],[28.802828917122802,-31.487077605274237],[28.80840892050604,-31.496914770711967],[28.78987533784029,-31.503645462853573],[28.812992494713697,-31.507614845398624],[28.815583210570196,-31.516934265287002],[28.800238201266296,-31.52401012112818],[28.802231059617455,-31.529705322171075],[28.79306391120214,-31.5328117954672],[28.788679622829598,-31.544547361252565],[28.79924177209072,-31.55749099998642],[28.816978211416007,-31.56215070993061],[28.81638035391066,-31.59683966173735],[28.823554643974823,-31.61168170081884],[28.833718221565714,-31.60598649977594],[28.837903224103144,-31.626178576200758],[28.834913936576406,-31.63308185019215],[28.818572498096934,-31.63204635909344],[28.820166784777854,-31.64033028788311],[28.834913936576406,-31.645162579677084],[28.827341074842018,-31.654481999565462],[28.84348322748638,-31.66069494615771],[28.820166784777854,-31.672775675642647],[28.8207646422832,-31.68658222362543],[28.81139820803277,-31.685719314376502],[28.811796779703002,-31.69037902432069],[28.824351787315283,-31.695729061664018],[28.854045376747504,-31.694520988715524],[28.858429665120045,-31.679678949634038],[28.879354677807182,-31.678643458535326],[28.89390254377062,-31.69607422536359],[28.87676396195068,-31.69900811680993],[28.875568246939984,-31.706429136350675],[28.89011611290342,-31.71315982849228],[28.898087546308048,-31.704875899702614],[28.906656837218016,-31.707292045599598],[28.901276119669895,-31.725585721676783],[28.885333252860647,-31.72903735867248],[28.90924755307452,-31.74508747070246],[28.88672825370646,-31.753889145041487],[28.90147540550501,-31.760274673483522],[28.9128346981066,-31.752163326543638],[28.920606845676105,-31.75665045463804],[28.90287040635082,-31.767695693024265],[28.89151111374923,-31.766487620075775],[28.896692545462237,-31.779258676959845],[28.884536109520184,-31.791511988294566],[28.895895402121774,-31.791511988294566],[28.887326111211806,-31.816191192813786],[28.912037554766137,-31.81705410206271],[28.91482755645775,-31.80618144552627],[28.899881118824084,-31.797552353037034],[28.901674691340126,-31.78961358794693],[28.90924755307452,-31.788578096848223],[28.930571137431883,-31.80480079072799],[28.92778113574027,-31.81912508426013],[28.938741856671623,-31.81705410206271],[28.9397382858472,-31.829997740796568],[28.94950329176786,-31.83517519629011],[28.962058299380146,-31.821196066457546],[28.988961887120745,-31.82102348460776],[28.99653474885514,-31.829825158946782],[28.98298331206728,-31.838109087736452],[28.98298331206728,-31.849154326122676],[28.9921504604826,-31.852260799418804],[29.013474044839963,-31.838109087736452],[29.017061189872045,-31.84311396138021],[29.006698326446035,-31.860026982659118],[28.99653474885514,-31.864686692603307],[29.00052046555745,-31.87538676728996],[29.025032623276665,-31.86451411075352],[29.039381203404986,-31.885741678277046],[29.04456263511799,-31.871072221045342],[29.073658367044864,-31.872280293993835],[29.080633371273912,-31.86744800219986],[29.08740908966784,-31.881081968332857],[29.07525265372579,-31.87901098613544],[29.068277649496746,-31.892817534118223],[29.08422051630599,-31.904207936204017],[29.10235552730151,-31.876594840238454],[29.112319819057287,-31.884188441628986],[29.103351956477084,-31.89126429747016],[29.113316248232863,-31.90179179030703],[29.116903393264945,-31.917841902337013],[29.12088910996726,-31.919395138985077],[29.126070541680264,-31.903690190654665],[29.137629120116966,-31.92163870303228],[29.135835547600927,-31.934927505465705],[29.151180556904826,-31.93906946986054],[29.157756989463635,-31.919740302684648],[29.17031199707592,-31.92560808557733],[29.186254863885168,-31.949596962697413]]]}},{"type":"Feature","id":"EC441","properties":{"MuniCode":"EC441","SourceUnits":"EC441"},"geometry":{"type":"Polygon","coordinates":[[[28.26874287901306,-30.373752092312706],[28.26874287901306,-30.35183419739004],[28.252800012203817,-30.34199703195231],[28.256586443071015,-30.328880811368666],[28.228686426154834,-30.308861316793635],[28.21533427520209,-30.306790334596215],[28.206964270127237,-30.290740222566235],[28.23645857372434,-30.260020653304544],[28.262963589794712,-30.25225447006423],[28.301625041807135,-30.256396434459067],[28.313582191914065,-30.240691486128654],[28.345866497202792,-30.232062393639414],[28.34506935386233,-30.21273322646352],[28.365197223209,-30.168552272918618],[28.383332234204516,-30.168034527369265],[28.397481528497725,-30.14473597764832],[28.451487989814044,-30.157852198231964],[28.472413002501177,-30.155608634184762],[28.48058372174092,-30.148877942043157],[28.49991444774713,-30.150948924240573],[28.536583041408395,-30.124889064923074],[28.551330193206947,-30.120919682378023],[28.61928666298136,-30.135416557759946],[28.638418103152453,-30.13161975706468],[28.667513835079326,-30.140766595103273],[28.68983384861227,-30.12437131937372],[28.70199028455432,-30.12626971972135],[28.736068162359082,-30.112290589888786],[28.739256735720932,-30.115914808734267],[28.74981888498206,-30.106422806996104],[28.79107105285098,-30.109356698442443],[28.795056769553295,-30.100900187802992],[28.854443948417735,-30.090545276815906],[28.85743323594447,-30.077601638082047],[28.903069692185937,-30.065866072296682],[28.93575256914489,-30.049470796567128],[28.940734715022778,-30.036527157833273],[28.954286151810635,-30.039115885580046],[28.98477688458332,-30.031522284189514],[28.997331892195604,-30.011675371464264],[29.014669759850655,-30.001838206026534],[29.044961206788223,-30.013056026262547],[29.067879077826515,-30.0441207592238],[29.09019909135946,-30.05671923425809],[29.12029125246191,-30.104524406648473],[29.112319819057287,-30.10486957034804],[29.120689824132143,-30.15112150609036],[29.110725532376364,-30.154745724935836],[29.12029125246191,-30.160095762279166],[29.102554813136624,-30.176663619858502],[29.113714819903095,-30.190470167841283],[29.12208482497795,-30.191850822639562],[29.110326960706132,-30.19927184218031],[29.11351553406798,-30.20979933501718],[29.1188962516161,-30.206002534321915],[29.132248402568845,-30.216357445309],[29.122881968318413,-30.222742973751036],[29.12925911504211,-30.225159119648023],[29.126070541680264,-30.23844792208145],[29.13782840595208,-30.26226421735175],[29.151180556904826,-30.256569016308852],[29.161941992001065,-30.263127126600672],[29.156162702782716,-30.26778683654486],[29.163137707011757,-30.273654619437544],[29.157756989463635,-30.277106256433235],[29.227507031754087,-30.29747091470784],[29.23328632097244,-30.306272589046863],[29.254809191164924,-30.304891934248584],[29.2314927484564,-30.268994909493355],[29.262182767064196,-30.27831432938173],[29.301840648252195,-30.320079137029644],[29.291876356496417,-30.34562125079779],[29.30502922161405,-30.379792457055174],[29.277129204697864,-30.376168238209694],[29.282509922245985,-30.395669987235372],[29.23826846685033,-30.40498940712375],[29.227706317589202,-30.410339444467077],[29.22730774591897,-30.426216974647275],[29.218539169173887,-30.42121210100352],[29.19681701314629,-30.43432832158716],[29.198411299827214,-30.462286581252293],[29.177287001304965,-30.51578695468557],[29.150383413564363,-30.51043691734224],[29.14021983597347,-30.53390804891297],[29.144803410181126,-30.53097415746663],[29.152774843585746,-30.554617870887142],[29.165529137033147,-30.53822259515759],[29.173101998767535,-30.552892052389296],[29.11530910658402,-30.579642239105933],[29.14599912519182,-30.595174605586564],[29.13523769009558,-30.60518435287408],[29.08422051630599,-30.612260208715256],[29.077644083747177,-30.609498899118698],[29.07804265541741,-30.599661733680968],[29.045957635963802,-30.602250461427737],[28.98417902707797,-30.572221219565186],[28.956079724326678,-30.572393801414975],[28.957076153502257,-30.603631116226016],[28.946314718406015,-30.648847560869626],[28.924592562378415,-30.687333313371628],[28.903468263856166,-30.695272078461727],[28.8974896888027,-30.681810694178516],[28.884934681190416,-30.687333313371628],[28.873774674423945,-30.67283643798971],[28.866600384359785,-30.675597747586263],[28.87138324440256,-30.687333313371628],[28.85424466258262,-30.690094622968182],[28.85045823171542,-30.672491274290138],[28.830928219874096,-30.671283201341645],[28.851653946726117,-30.655060507461876],[28.849860374210074,-30.649537888268764],[28.84388179915661,-30.652126616015536],[28.830928219874096,-30.642979777976944],[28.82176107145878,-30.6502282156679],[28.799441057925836,-30.632970030689428],[28.813590352219045,-30.633660358088566],[28.79924177209072,-30.615884427560736],[28.78210319027078,-30.61830057345772],[28.785889621137976,-30.614331190912672],[28.77672247272266,-30.59551976928613],[28.77891461690893,-30.582230966852705],[28.761576749253877,-30.584992276449263],[28.759783176737837,-30.600352061080105],[28.752808172508793,-30.602595625127307],[28.74065173656674,-30.594656860037208],[28.747228169125556,-30.58930682269388],[28.73128530231631,-30.5856826038484],[28.726901013943767,-30.57688092950938],[28.719128866374263,-30.57653576580981],[28.71235314798033,-30.585164858299045],[28.699200282862705,-30.582576130552276],[28.688438847766463,-30.607945662470634],[28.669506693430485,-30.62261511970234],[28.671898123451868,-30.651263706766613],[28.66731454924421,-30.654025016363168],[28.648382394908232,-30.650573379367472],[28.594774505262144,-30.66282669070219],[28.584212356001018,-30.660065381105635],[28.572853063399428,-30.64643141497264],[28.56029805578715,-30.65523308931166],[28.555913767414605,-30.65195403416575],[28.56029805578715,-30.621061883054278],[28.552326622382523,-30.618818319007076],[28.540568758110705,-30.58896165899431],[28.513665170370103,-30.565145363724014],[28.524825177136577,-30.548232342445104],[28.546945904834402,-30.54875008799446],[28.544155903142787,-30.540983904754146],[28.549337334855792,-30.540983904754146],[28.56069662745738,-30.518375682432342],[28.57325163506966,-30.522517646827175],[28.575643065091047,-30.515959536535355],[28.564682344159692,-30.51043691734224],[28.569863775872697,-30.49628520565989],[28.608525227885117,-30.47747378403335],[28.628453811396675,-30.47747378403335],[28.62765666805621,-30.472814074089165],[28.61609808961951,-30.47229632853981],[28.614105231268354,-30.462286581252293],[28.610717372071388,-30.46625596379734],[28.586205214352173,-30.452621997664345],[28.577038065936854,-30.4372622130335],[28.540170186440477,-30.451586506565636],[28.533394468046545,-30.470052764492607],[28.506490880305943,-30.469189855243684],[28.510476597008257,-30.45141392471585],[28.50170802026317,-30.435881558235224],[28.480783007576036,-30.422247592102227],[28.448299416452194,-30.427942793145125],[28.436940123850608,-30.419313700655884],[28.41521796782301,-30.418795955106532],[28.39050652426868,-30.401537770128055],[28.38612223589614,-30.40602489822246],[28.348656498894407,-30.398258714982145],[28.29903432595063,-30.37357951046292],[28.26874287901306,-30.373752092312706]]]}},{"type":"Feature","id":"EC442","properties":{"MuniCode":"EC442","SourceUnits":"EC442"},"geometry":{"type":"Polygon","coordinates":[[[28.687043846920652,-30.83730694083459],[28.676880269329757,-30.830576248692985],[28.685250274404613,-30.816597118860418],[28.668908835925137,-30.818668101057835],[28.65077382492962,-30.80555188047419],[28.657150971653316,-30.800029261281082],[28.65017596742427,-30.794506642087967],[28.66093740252051,-30.794506642087967],[28.661734545860973,-30.790364677693134],[28.653563826621237,-30.791400168791842],[28.63582738729595,-30.762578999877785],[28.623471665518785,-30.75394990738855],[28.607528798709538,-30.7544676529379],[28.612710230422543,-30.74963536114393],[28.606731655369074,-30.737036886109642],[28.59756450695376,-30.734275576513085],[28.60254665283165,-30.728580375470187],[28.589792359384255,-30.711494772341496],[28.56109519912761,-30.708906044594723],[28.562490199973418,-30.700967279504624],[28.54993519236114,-30.69251076886517],[28.554518766568798,-30.681810694178516],[28.542960188132092,-30.667658982496164],[28.564881629994808,-30.661618617753696],[28.56029805578715,-30.65523308931166],[28.572853063399428,-30.64643141497264],[28.584212356001018,-30.660065381105635],[28.594774505262144,-30.66282669070219],[28.648382394908232,-30.650573379367472],[28.66731454924421,-30.654025016363168],[28.671898123451868,-30.651263706766613],[28.669506693430485,-30.62261511970234],[28.688438847766463,-30.607945662470634],[28.699200282862705,-30.582576130552276],[28.71235314798033,-30.585164858299045],[28.719128866374263,-30.57653576580981],[28.726901013943767,-30.57688092950938],[28.73128530231631,-30.5856826038484],[28.743441738258362,-30.586200349397753],[28.747228169125556,-30.58930682269388],[28.74065173656674,-30.594656860037208],[28.752808172508793,-30.602595625127307],[28.759783176737837,-30.600352061080105],[28.761576749253877,-30.584992276449263],[28.77891461690893,-30.582230966852705],[28.77672247272266,-30.59551976928613],[28.785889621137976,-30.614331190912672],[28.78210319027078,-30.61830057345772],[28.79924177209072,-30.615884427560736],[28.813590352219045,-30.633660358088566],[28.799441057925836,-30.632970030689428],[28.82176107145878,-30.6502282156679],[28.830928219874096,-30.642979777976944],[28.84388179915661,-30.652126616015536],[28.849860374210074,-30.649537888268764],[28.851653946726117,-30.655060507461876],[28.830928219874096,-30.671283201341645],[28.85045823171542,-30.672491274290138],[28.85424466258262,-30.690094622968182],[28.87138324440256,-30.687333313371628],[28.866600384359785,-30.675597747586263],[28.873774674423945,-30.67283643798971],[28.884934681190416,-30.687333313371628],[28.8974896888027,-30.681810694178516],[28.903468263856166,-30.695272078461727],[28.924592562378415,-30.687333313371628],[28.946314718406015,-30.648847560869626],[28.957076153502257,-30.603631116226016],[28.956079724326678,-30.572393801414975],[28.98417902707797,-30.572221219565186],[29.045957635963802,-30.602250461427737],[29.07804265541741,-30.599661733680968],[29.077644083747177,-30.609498899118698],[29.08422051630599,-30.612260208715256],[29.13523769009558,-30.60518435287408],[29.168119852889646,-30.61312311796418],[29.17290271293242,-30.624168356350403],[29.185457720544704,-30.621234464904063],[29.178881287985888,-30.625721592998467],[29.181870575512622,-30.640908795779524],[29.197215584816522,-30.634695849187274],[29.19502344063025,-30.62520384744911],[29.204788446550914,-30.620198973805355],[29.261385623723736,-30.621234464904063],[29.27732849053298,-30.637284576934046],[29.322566375104216,-30.644533014625004],[29.345683531977624,-30.671800946890997],[29.37278640555334,-30.649020142719408],[29.38554069900074,-30.65005563381812],[29.401284279974867,-30.639355559131463],[29.442935019514024,-30.639010395431892],[29.468642892243935,-30.624168356350403],[29.512286490134244,-30.61830057345772],[29.524243640241178,-30.641081377629312],[29.544770081258083,-30.647466906071347],[29.523645782735834,-30.689059131869477],[29.483589329877603,-30.70079469765484],[29.460870744674423,-30.735483649461578],[29.451703596259108,-30.735138485762008],[29.456885027972113,-30.74135143235426],[29.452899311269803,-30.753086998139622],[29.465055747211853,-30.758954781032305],[29.453895740445383,-30.769827437568747],[29.46067145883931,-30.78518722219959],[29.43057929773686,-30.81193740891623],[29.42240857849712,-30.811764827066444],[29.41941929097039,-30.82177457435396],[29.40746214086345,-30.82574395689901],[29.405070710842065,-30.840758577830286],[29.35843782542502,-30.839205341182222],[29.32435994762026,-30.86008774500618],[29.269157771293244,-30.857499017259407],[29.270951343809283,-30.869234583044772],[29.25899419370235,-30.878381421083365],[29.254211333659576,-30.8688894193452],[29.234482035983135,-30.874066874838746],[29.210169164099035,-30.87061523784305],[29.201599873189064,-30.86474745495037],[29.20757844824253,-30.85180381621651],[29.19641844147606,-30.85042316141823],[29.19502344063025,-30.842139232628565],[29.165529137033147,-30.81918584660719],[29.15715913195829,-30.830576248692985],[29.133444117579536,-30.829713339444062],[29.121885539142834,-30.848697342920385],[29.093985522226653,-30.848697342920385],[29.081031942944144,-30.83730694083459],[29.07525265372579,-30.840068250431145],[29.068277649496746,-30.85508287136242],[29.07206408036394,-30.862503890903167],[29.08242694378995,-30.867508764546926],[29.086412660492265,-30.86371196385166],[29.097174095588503,-30.87216847449111],[29.090398377194575,-30.879244330332288],[29.093985522226653,-30.893913787563992],[29.065089076134896,-30.882005639928845],[29.07086836535325,-30.87492978408767],[29.057914786070736,-30.87751851183444],[29.06588621947536,-30.88977182316916],[29.05731692856539,-30.904786444100434],[29.064092646959317,-30.909791317744194],[29.078640512922753,-30.90392353485151],[29.08202837211972,-30.90823808109613],[29.081031942944144,-30.922907538327834],[29.065487647805128,-30.93930281405739],[29.072263366199056,-30.966398164473596],[29.08123122877926,-30.965017509675317],[29.0882062330083,-30.94413510585136],[29.123081254153526,-30.937231831859968],[29.12826268586653,-30.951556125392106],[29.152974129420862,-30.952246452791243],[29.146198411026937,-30.976580493610896],[29.112917676562635,-30.97675307546068],[29.102554813136624,-30.98417409500143],[29.13862554929254,-30.99073220529325],[29.143009837665083,-31.000396788881194],[29.122881968318413,-31.01575657351204],[29.125472684174916,-31.019553374207305],[29.111921247387055,-31.033359922190087],[29.10315267064197,-31.029390539645036],[29.07624908290137,-31.04043577803126],[29.05452692687377,-31.031634103692237],[29.05731692856539,-31.027492139297404],[29.045359778458455,-31.02041628345623],[29.042968348437068,-31.01040653616871],[29.015666189026234,-31.002640352928395],[29.01447047401554,-31.019898537906872],[28.978997595364966,-31.025075993400417],[28.98258474039705,-31.054069744164256],[28.963054728555722,-31.06218109110414],[28.957873296842717,-31.071673092842303],[28.952094007624368,-31.070982765443166],[28.958869726018296,-31.058556872258663],[28.946314718406015,-31.043369669477602],[28.932763281618158,-31.053206834915333],[28.941332572528125,-31.059419781507586],[28.934357568299077,-31.072018256541874],[28.925588991553994,-31.05372458046469],[28.917418272314258,-31.05424232601404],[28.90825112389894,-31.057693963009736],[28.919610416500525,-31.065287564400265],[28.905660408042436,-31.07771345758477],[28.869390386051403,-31.053206834915333],[28.851454660891,-31.051826180117054],[28.861020380976548,-31.041471269129968],[28.876166104445332,-31.047856797572006],[28.872180387743022,-31.033705085889654],[28.887923968717153,-31.03681155918578],[28.870187529391863,-31.012650100215915],[28.87397396025906,-31.00557424437474],[28.86859324271094,-30.98969671419454],[28.861020380976548,-30.990214459743893],[28.848266087529154,-30.969677219619506],[28.85045823171542,-30.96467234597575],[28.867198241865133,-30.968296564821227],[28.86779609937048,-30.952246452791243],[28.836308937422217,-30.941891541804157],[28.827938932347365,-30.94844965209598],[28.833319649895486,-30.963464273027256],[28.82395321564505,-30.9550077623878],[28.80840892050604,-30.953799689439307],[28.8207646422832,-30.92635917532353],[28.81040177885719,-30.920318810581062],[28.812593923043465,-30.913588118439456],[28.791868196191444,-30.904096116701297],[28.792466053696792,-30.894604114963133],[28.80243034545257,-30.893568623864425],[28.791868196191444,-30.882350803628412],[28.770544611834076,-30.88045240328078],[28.758986033397377,-30.889944405018944],[28.757790318386682,-30.865782946049077],[28.747427454960672,-30.862849054602734],[28.740851022401856,-30.86992491044391],[28.735470304853735,-30.854737707662853],[28.72630315643842,-30.85318447101479],[28.728296014789578,-30.842656978177917],[28.691826706963425,-30.829713339444062],[28.687043846920652,-30.83730694083459]]]}},{"type":"Feature","id":"EC443","properties":{"MuniCode":"EC443","SourceUnits":"EC443"},"geometry":{"type":"Polygon","coordinates":[[[29.51148934679378,-30.929810812319225],[29.506706486751007,-30.917212337284937],[29.51786649351748,-30.916694591735585],[29.513083633474707,-30.92204462907891],[29.521652924384675,-30.925496266074607],[29.527631499438144,-30.920318810581062],[29.52543935525187,-30.909963899593976],[29.541980079566464,-30.91048164514333],[29.53580221867788,-30.90461386225065],[29.537595791193922,-30.892187969066146],[29.553937229673398,-30.87993465773143],[29.562307234748253,-30.882523385478198],[29.557125803035248,-30.857844180958978],[29.549951512971088,-30.850595743268016],[29.559118661386403,-30.84748926997189],[29.545965796268774,-30.84093115968007],[29.540385792885537,-30.824535883950517],[29.559517233056635,-30.82522621134966],[29.546563653774122,-30.818322937358268],[29.537396505358807,-30.820911665105037],[29.53082007279999,-30.812972900014937],[29.55553151635432,-30.789674350293993],[29.55612937385967,-30.744457905650385],[29.541182936226,-30.729961030268466],[29.5449693670932,-30.720296446680518],[29.540186507050425,-30.710114117543217],[29.515873635166322,-30.693891423663448],[29.529026500283955,-30.682155857878087],[29.532613645316033,-30.664034763650683],[29.544770081258083,-30.647466906071347],[29.587616535807932,-30.659029890006927],[29.599573685914866,-30.68957687741883],[29.65158728888003,-30.685780076723564],[29.67370801657786,-30.669212219144228],[29.686860881695488,-30.679567130131314],[29.68347302249852,-30.685434913023997],[29.693835885924532,-30.6876784770712],[29.699415889307765,-30.70113986135441],[29.735088053793454,-30.708560880895156],[29.729707336245333,-30.715809318586114],[29.740070199671344,-30.72323033812686],[29.74963591975689,-30.71960611928138],[29.751429492272933,-30.707525389796444],[29.75661092398594,-30.717707718933745],[29.770560932444027,-30.718570628182672],[29.77135807578449,-30.706489898697736],[29.784510940902116,-30.70769797164623],[29.780724510034922,-30.695272078461727],[29.800254521876248,-30.708906044594723],[29.8086245269511,-30.698551133607637],[29.81460310200457,-30.70666248054752],[29.804040952743442,-30.71494640933719],[29.804439524413674,-30.723402919976643],[29.813407386993877,-30.731686848766312],[29.825165251265695,-30.72064161038009],[29.830545968813816,-30.744112741950815],[29.849278837314678,-30.73876270460749],[29.847684550633755,-30.758437035482952],[29.891726720194296,-30.758437035482952],[29.89611100856684,-30.76896452831982],[29.88754171765687,-30.770862928667455],[29.88574814514083,-30.783806567401314],[29.89790458108288,-30.77396940196358],[29.914644591232587,-30.77103551051724],[29.90806815867377,-30.798303442783233],[29.92939174303114,-30.791572750641627],[29.923213882142555,-30.768446782770468],[29.94692889652131,-30.770000019418532],[29.955298901596166,-30.787603368096576],[29.942146036478537,-30.791400168791842],[29.93258031639299,-30.807968026371178],[29.96546247918706,-30.80831319007075],[29.97223819758099,-30.80227282532828],[29.967853909208443,-30.82505362949987],[29.95808890328778,-30.824363302100732],[29.97482891343749,-30.837997268233728],[30.0005367861674,-30.837479522684376],[30.00771107623156,-30.82574395689901],[30.011696792933872,-30.829540757594277],[30.007511790396443,-30.843002141877488],[30.02166108468965,-30.839032759332436],[30.01946894050338,-30.853702216564145],[30.0248496580515,-30.857153853559836],[30.02544751555685,-30.848697342920385],[30.03979609568517,-30.844727960375334],[30.070087542622737,-30.851631234366724],[30.0734754018197,-30.865955527898862],[30.0951975578473,-30.86302163645252],[30.093603271166373,-30.877345929984656],[30.069688970952505,-30.872341056340897],[30.080848977718976,-30.884939531375185],[30.1195104297314,-30.88804600467131],[30.11353185467793,-30.900126734156245],[30.12608686229021,-30.90720258999742],[30.120108287236746,-30.909446154044623],[30.13186615150856,-30.908928408495267],[30.146414017471997,-30.922389792778482],[30.134456867365067,-30.963809436726823],[30.156179023392664,-30.97675307546068],[30.150599020009427,-30.986417659048627],[30.141232585758996,-30.987280568297553],[30.14681258914223,-31.002985516627966],[30.135851868210874,-31.009543626919786],[30.139638299078072,-31.021796938254507],[30.14820758998804,-31.015929155361825],[30.16893331684006,-31.02455824785106],[30.163154027621708,-31.049237452370285],[30.175908321069105,-31.06546014625005],[30.18686904200046,-31.068221455846608],[30.193844046229508,-31.081337676430252],[30.152990450030813,-31.141568742005134],[30.123097574763477,-31.162968891378444],[30.12688400563067,-31.16642052837414],[30.1195104297314,-31.17798351230972],[30.103368277087036,-31.186440022949174],[30.06988825678762,-31.22147413845548],[30.068692541776926,-31.23769683233525],[30.047568243254673,-31.24753399777298],[30.020664655514075,-31.23165646759278],[30.011896078768988,-31.233554867940413],[29.994558211113933,-31.218885410708708],[29.965661765022176,-31.211464391167965],[29.948921754872465,-31.197312679485613],[29.952110328234316,-31.18661260479896],[29.935968175589956,-31.18592227739982],[29.931982458887642,-31.177810930459934],[29.9122531612112,-31.17798351230972],[29.915242448737935,-31.17108023831833],[29.910858160365393,-31.169872165369835],[29.905477442817272,-31.17988191265735],[29.89192600602941,-31.17401412976467],[29.886744574316406,-31.162623727678877],[29.867812419980428,-31.164694709876294],[29.863627417443,-31.149334925245448],[29.83712240137263,-31.14829943414674],[29.845093834777252,-31.142949396803413],[29.84429669143679,-31.131731576567404],[29.83214025549474,-31.13535579541288],[29.825563822935926,-31.130005758069554],[29.817990961201534,-31.13673645021116],[29.813805958664105,-31.13242190396654],[29.80463881024879,-31.1431219786532],[29.802247380227406,-31.130005758069554],[29.797265234349517,-31.130350921769125],[29.800055236041132,-31.118097610434404],[29.79427594682278,-31.116544373786343],[29.793080231812088,-31.122757320378593],[29.78251808255096,-31.12051375633139],[29.78132236754027,-31.1294880125202],[29.761593069863828,-31.119305683382898],[29.7689666457631,-31.12845252142149],[29.765180214895906,-31.13345739506525],[29.74565020305458,-31.1294880125202],[29.742461629692734,-31.12327506592795],[29.738276627155305,-31.12707186662321],[29.73488876795834,-31.113092736790648],[29.74066805717669,-31.105844299099687],[29.72592090537814,-31.086860295623364],[29.70021303264823,-31.07598763908692],[29.699415889307765,-31.08392640417702],[29.69164374173826,-31.087723204872287],[29.6780923049504,-31.06028269075651],[29.62408584363408,-31.061318181855217],[29.61910369775619,-31.04578581537459],[29.584228676610966,-31.038019632134272],[29.591801538345358,-31.01834530125881],[29.585623677456773,-31.018172719409026],[29.575260814030763,-30.99487416968808],[29.60754511931949,-30.989869296044326],[29.60973726350576,-30.983138603902717],[29.55752437470548,-30.955870671636724],[29.554136515508514,-30.946551251748346],[29.5385922203695,-30.943272196602436],[29.53181650197557,-30.933089867465135],[29.524442926076294,-30.937749577409324],[29.52085578104421,-30.92963823046944],[29.51148934679378,-30.929810812319225]]]}},{"type":"Feature","id":"EC444","properties":{"MuniCode":"EC444","SourceUnits":"EC444"},"geometry":{"type":"Polygon","coordinates":[[[29.515873635166322,-30.693891423663448],[29.540186507050425,-30.710114117543217],[29.5449693670932,-30.720296446680518],[29.541182936226,-30.729961030268466],[29.55612937385967,-30.744457905650385],[29.55553151635432,-30.789674350293993],[29.53082007279999,-30.812972900014937],[29.537396505358807,-30.820911665105037],[29.546563653774122,-30.818322937358268],[29.559517233056635,-30.82522621134966],[29.540385792885537,-30.824535883950517],[29.545965796268774,-30.84093115968007],[29.559118661386403,-30.84748926997189],[29.549951512971088,-30.850595743268016],[29.557125803035248,-30.857844180958978],[29.562307234748253,-30.882523385478198],[29.553937229673398,-30.87993465773143],[29.537595791193922,-30.892187969066146],[29.53580221867788,-30.90461386225065],[29.541980079566464,-30.91048164514333],[29.52543935525187,-30.909963899593976],[29.527631499438144,-30.920318810581062],[29.521652924384675,-30.925496266074607],[29.513083633474707,-30.92204462907891],[29.51786649351748,-30.916694591735585],[29.506706486751007,-30.917212337284937],[29.508101487596818,-30.93136404896729],[29.494550050808957,-30.920491392430847],[29.489567904931068,-30.929465648619654],[29.48319075820737,-30.9267043390231],[29.482393614866908,-30.914968773237735],[29.478009326494366,-30.91945590133214],[29.46784574890347,-30.91376070028924],[29.458877886323272,-30.92135430167977],[29.454692883785842,-30.930155976018796],[29.462863603025582,-30.94620608804878],[29.459874315498848,-30.95776907198436],[29.45449359795073,-30.965362673374887],[29.43675715862544,-30.96760623742209],[29.43317001359336,-30.981585367254656],[29.413640001752036,-30.990387041593678],[29.416031431773423,-30.997117733735283],[29.405867854182528,-31.005919408074305],[29.415035002597843,-31.019725956057087],[29.42739072437501,-31.0207614471558],[29.4234050076727,-31.039055123232984],[29.432970727758246,-31.049927779769423],[29.399689993293947,-31.08168284012982],[29.405668568347412,-31.08565222267487],[29.409056427544378,-31.076505384636278],[29.436557872790324,-31.079094112383046],[29.434565014439173,-31.105844299099687],[29.420415720145964,-31.095661969962386],[29.412643572576457,-31.10083942545593],[29.41523428843296,-31.091520005567553],[29.408857141709262,-31.09048451446884],[29.3927149890649,-31.111539500142584],[29.379163552277042,-31.1113669182928],[29.385142127330507,-31.119305683382898],[29.36880068885103,-31.127934775872138],[29.353256393712016,-31.12586379367472],[29.353854251217363,-31.135183213563096],[29.374181406399153,-31.14657361564889],[29.341299243605082,-31.167283437623063],[29.330139236838612,-31.15848176328404],[29.322167803433985,-31.15986241808232],[29.312801369183553,-31.178501257859075],[29.300644933241504,-31.185577113700248],[29.284502780597144,-31.185059368150895],[29.27971992055437,-31.217504755910433],[29.265969197931394,-31.216641846661506],[29.248432044441223,-31.19317071509078],[29.241656326047295,-31.206804681223776],[29.252019189473305,-31.23079355834386],[29.238866324355676,-31.24977756182018],[29.237471323509865,-31.263238946103392],[29.221927028370853,-31.28084229478144],[29.235079893488482,-31.286364913974552],[29.226311316743395,-31.298273061609702],[29.204788446550914,-31.295856915712715],[29.190041294752362,-31.263929273502534],[29.16991342540569,-31.25875181800899],[29.169116282065225,-31.229585485395365],[29.174895571283578,-31.2280322487473],[29.17927985965612,-31.208357917871837],[29.19322986811421,-31.214398282614304],[29.204389874880682,-31.188856168846158],[29.186852721390512,-31.1997288253826],[29.18824772223632,-31.190409405494222],[29.20399130321045,-31.184196458901972],[29.207379162407417,-31.172460893116607],[29.20000558650814,-31.165902782824787],[29.170909854581268,-31.167973765022204],[29.13424126092,-31.150888161893512],[29.14241198015974,-31.13898001425836],[29.132248402568845,-31.091520005567553],[29.10315267064197,-31.079957021631973],[29.09418480806177,-31.066668219198544],[29.062299074443278,-31.043887415026955],[29.06987193617767,-31.034740576988362],[29.07624908290137,-31.04043577803126],[29.12029125246191,-31.02783730299697],[29.122881968318413,-31.01575657351204],[29.139422692633005,-31.006609735473447],[29.142013408489507,-30.993838678589373],[29.102554813136624,-30.98417409500143],[29.10454767148778,-30.978824057658098],[29.146198411026937,-30.976580493610896],[29.154369130266673,-30.957596490134573],[29.152974129420862,-30.952246452791243],[29.12826268586653,-30.951556125392106],[29.12746554252607,-30.94016572330631],[29.114312677408442,-30.93757699555954],[29.0882062330083,-30.94413510585136],[29.08123122877926,-30.965017509675317],[29.072263366199056,-30.966398164473596],[29.065487647805128,-30.93930281405739],[29.081031942944144,-30.922907538327834],[29.08202837211972,-30.90823808109613],[29.078640512922753,-30.90392353485151],[29.064092646959317,-30.909791317744194],[29.05731692856539,-30.904786444100434],[29.06588621947536,-30.88977182316916],[29.057914786070736,-30.87751851183444],[29.07086836535325,-30.87492978408767],[29.065089076134896,-30.882005639928845],[29.093985522226653,-30.893913787563992],[29.090398377194575,-30.879244330332288],[29.097174095588503,-30.87216847449111],[29.086412660492265,-30.86371196385166],[29.08242694378995,-30.867508764546926],[29.07206408036394,-30.862503890903167],[29.069473364507438,-30.850595743268016],[29.081031942944144,-30.83730694083459],[29.093985522226653,-30.848697342920385],[29.121885539142834,-30.848697342920385],[29.133444117579536,-30.829713339444062],[29.15715913195829,-30.830576248692985],[29.165529137033147,-30.81918584660719],[29.19502344063025,-30.842139232628565],[29.19641844147606,-30.85042316141823],[29.20757844824253,-30.85180381621651],[29.201599873189064,-30.86474745495037],[29.210169164099035,-30.87061523784305],[29.234482035983135,-30.874066874838746],[29.254211333659576,-30.8688894193452],[29.25899419370235,-30.878381421083365],[29.270951343809283,-30.869234583044772],[29.269157771293244,-30.857499017259407],[29.32435994762026,-30.86008774500618],[29.35843782542502,-30.839205341182222],[29.405070710842065,-30.840758577830286],[29.40746214086345,-30.82574395689901],[29.41941929097039,-30.82177457435396],[29.42240857849712,-30.811764827066444],[29.43057929773686,-30.81193740891623],[29.46067145883931,-30.78518722219959],[29.453895740445383,-30.769827437568747],[29.465055747211853,-30.758954781032305],[29.452899311269803,-30.753086998139622],[29.456885027972113,-30.74135143235426],[29.451703596259108,-30.735138485762008],[29.460870744674423,-30.735483649461578],[29.483589329877603,-30.70079469765484],[29.515873635166322,-30.693891423663448]]]}},{"type":"Feature","id":"NMA","properties":{"MuniCode":"NMA","SourceUnits":"NMA"},"geometry":{"type":"Polygon","coordinates":[[[25.305561796679598,-33.99296606414905],[25.21209674001039,-33.964317477084776],[25.227840320984523,-33.95361740239812],[25.224452461787557,-33.93946569071577],[25.208708880813425,-33.92168976018794],[25.192168156498834,-33.92168976018794],[25.19595458736603,-33.91047193995193],[25.2134917408562,-33.883894335085074],[25.263711771305324,-33.88682822653142],[25.218673172569204,-33.87630073369455],[25.246971761155617,-33.8631845131109],[25.226046748468484,-33.848342474029415],[25.261519627119057,-33.802090538287096],[25.27327749139087,-33.77344195122283],[25.299782507461245,-33.77085322347605],[25.30496393917425,-33.762051549137034],[25.285035355662693,-33.75342245664779],[25.301576079977284,-33.72649968808137],[25.253348907879314,-33.691638154424844],[25.239996756926573,-33.69129299072527],[25.249163905341888,-33.682836480085825],[25.275469635577146,-33.68887684482829],[25.266900344667174,-33.69750593731753],[25.301376794142172,-33.70302855651064],[25.302572509152863,-33.712002812699446],[25.29499964741847,-33.71407379489687],[25.327283952707194,-33.725981942532016],[25.337248244462973,-33.70941408495268],[25.350201823745486,-33.715109285995574],[25.350401109580602,-33.70199306541193],[25.33067181190416,-33.689049426678075],[25.347810393724096,-33.67092833245067],[25.308152512536097,-33.637792617292],[25.336251815287394,-33.636584544343506],[25.339440388649244,-33.62881836110319],[25.321106091818613,-33.62156992341223],[25.346216107043173,-33.55702431159273],[25.40440757089692,-33.56168402153692],[25.43768830536122,-33.553054929047676],[25.507637633486787,-33.57169376882443],[25.493886910863814,-33.61156017612471],[25.555864805584758,-33.62812803370405],[25.55805694977103,-33.59620039149387],[25.631593422928674,-33.59154068154968],[25.627009848721016,-33.60897144837794],[25.668062730754826,-33.61432148572127],[25.679422023356413,-33.62847319740362],[25.683607025893842,-33.62519414225771],[25.68221202504803,-33.6184634501161],[25.675237020818987,-33.61794570456675],[25.678624880015953,-33.606037556931604],[25.687991314266384,-33.6015504288372],[25.701742036889357,-33.62778287000448],[25.707720611942825,-33.62053443231352],[25.736816343869698,-33.6298538522019],[25.738012058880393,-33.655741129669615],[25.780061370089776,-33.692328481823985],[25.792417091866945,-33.6943994640214],[25.79161994852648,-33.68369938933475],[25.849811412380227,-33.66540571325756],[25.861768562487164,-33.68404455303432],[25.86814570921086,-33.69940433766516],[25.849014269039767,-33.72253030553632],[25.79122137685625,-33.742549800111355],[25.703934181075628,-33.79052755435152],[25.665272729063208,-33.821937451012346],[25.633386995444717,-33.86611840455725],[25.613259126098043,-33.91892845059139],[25.61246198275758,-33.9482673650548],[25.62461841869963,-33.95603354829511],[25.63936557049818,-33.95517063904619],[25.629401278742403,-33.963799731535424],[25.635579139630984,-33.96828685962983],[25.643949144705843,-33.96483522263413],[25.647337003902805,-33.97501755177143],[25.67145058995179,-33.983128898711314],[25.70433275274586,-34.03162439850084],[25.659493439844855,-34.026619524857075],[25.627009848721016,-34.049400329028664],[25.60847626605527,-34.04508578278405],[25.590939112565096,-34.05060840197716],[25.47336046984691,-34.030071161852774],[25.407994715929,-34.03576636289567],[25.305561796679598,-33.99296606414905]]]}}]}